,Date,TEU
0,2020-01-06,102376.4842
1,2020-01-07,112914.75771428572
2,2020-01-08,123453.03122857143
3,2020-01-09,133991.30474285714
4,2020-01-10,144529.57825714286
5,2020-01-11,155067.85177142857
6,2020-01-12,165606.12528571428
7,2020-01-13,176144.3988
8,2020-01-14,170948.11608571428
9,2020-01-15,165751.83337142857
10,2020-01-16,160555.55065714286
11,2020-01-17,155359.26794285714
12,2020-01-18,150162.98522857143
13,2020-01-19,144966.70251428572
14,2020-01-20,139770.4198
15,2020-01-21,138264.2154714286
16,2020-01-22,136758.01114285714
17,2020-01-23,135251.80681428572
18,2020-01-24,133745.60248571428
19,2020-01-25,132239.39815714286
20,2020-01-26,130733.19382857143
21,2020-01-27,129226.9895
22,2020-01-28,135593.98798571428
23,2020-01-29,141960.98647142856
24,2020-01-30,148327.98495714285
25,2020-01-31,154694.98344285713
26,2020-02-01,161061.98192857142
27,2020-02-02,167428.9804142857
28,2020-02-03,173795.9789
29,2020-02-04,166761.12477142856
30,2020-02-05,159726.27064285713
31,2020-02-06,152691.41651428572
32,2020-02-07,145656.5623857143
33,2020-02-08,138621.70825714286
34,2020-02-09,131586.85412857143
35,2020-02-10,124552.0
36,2020-02-11,126180.6421
37,2020-02-12,127809.28420000001
38,2020-02-13,129437.9263
39,2020-02-14,131066.5684
40,2020-02-15,132695.21050000002
41,2020-02-16,134323.8526
42,2020-02-17,135952.4947
43,2020-02-18,126883.49320142857
44,2020-02-19,117814.49170285715
45,2020-02-20,108745.49020428571
46,2020-02-21,99676.48870571429
47,2020-02-22,90607.48720714285
48,2020-02-23,81538.48570857142
49,2020-02-24,72469.48421
50,2020-02-25,78896.34135142856
51,2020-02-26,85323.19849285715
52,2020-02-27,91750.05563428572
53,2020-02-28,98176.91277571429
54,2020-02-29,104603.76991714287
55,2020-03-01,111030.62705857144
56,2020-03-02,117457.4842
57,2020-03-03,120879.62855714286
58,2020-03-04,124301.77291428573
59,2020-03-05,127723.91727142858
60,2020-03-06,131146.06162857145
61,2020-03-07,134568.2059857143
62,2020-03-08,137990.35034285716
63,2020-03-09,141412.4947
64,2020-03-10,138094.5653857143
65,2020-03-11,134776.63607142857
66,2020-03-12,131458.70675714285
67,2020-03-13,128140.77744285714
68,2020-03-14,124822.84812857144
69,2020-03-15,121504.91881428572
70,2020-03-16,118186.9895
71,2020-03-17,117091.41807142856
72,2020-03-18,115995.84664285714
73,2020-03-19,114900.2752142857
74,2020-03-20,113804.70378571429
75,2020-03-21,112709.13235714285
76,2020-03-22,111613.56092857142
77,2020-03-23,110517.9895
78,2020-03-24,106355.84663857143
79,2020-03-25,102193.70377714286
80,2020-03-26,98031.56091571429
81,2020-03-27,93869.41805428572
82,2020-03-28,89707.27519285714
83,2020-03-29,85545.13233142857
84,2020-03-30,81382.98947
85,2020-03-31,82696.70526
86,2020-04-01,84010.42105
87,2020-04-02,85324.13684
88,2020-04-03,86637.85263
89,2020-04-04,87951.56842
90,2020-04-05,89265.28421
91,2020-04-06,90579.0
92,2020-04-07,88727.71428571429
93,2020-04-08,86876.42857142857
94,2020-04-09,85025.14285714286
95,2020-04-10,83173.85714285714
96,2020-04-11,81322.57142857143
97,2020-04-12,79471.28571428571
98,2020-04-13,77620.0
99,2020-04-14,84963.6421
100,2020-04-15,92307.2842
101,2020-04-16,99650.92629999999
102,2020-04-17,106994.56839999999
103,2020-04-18,114338.21049999999
104,2020-04-19,121681.8526
105,2020-04-20,129025.4947
106,2020-04-21,129473.99545714285
107,2020-04-22,129922.49621428571
108,2020-04-23,130370.99697142857
109,2020-04-24,130819.49772857143
110,2020-04-25,131267.99848571428
111,2020-04-26,131716.49924285716
112,2020-04-27,132165.0
113,2020-04-28,133814.21202857143
114,2020-04-29,135463.42405714287
115,2020-04-30,137112.6360857143
116,2020-05-01,138761.8481142857
117,2020-05-02,140411.06014285714
118,2020-05-03,142060.27217142857
119,2020-05-04,143709.4842
120,2020-05-05,149550.98645714286
121,2020-05-06,155392.48871428572
122,2020-05-07,161233.99097142857
123,2020-05-08,167075.49322857143
124,2020-05-09,172916.9954857143
125,2020-05-10,178758.49774285714
126,2020-05-11,184600.0
127,2020-05-12,171306.0
128,2020-05-13,158012.0
129,2020-05-14,144718.0
130,2020-05-15,131424.0
131,2020-05-16,118130.0
132,2020-05-17,104836.0
133,2020-05-18,91542.0
134,2020-05-19,91281.98779285714
135,2020-05-20,91021.97558571429
136,2020-05-21,90761.96337857142
137,2020-05-22,90501.95117142858
138,2020-05-23,90241.93896428571
139,2020-05-24,89981.92675714286
140,2020-05-25,89721.91455
141,2020-05-26,93018.426
142,2020-05-27,96314.93745
143,2020-05-28,99611.4489
144,2020-05-29,102907.96035
145,2020-05-30,106204.4718
146,2020-05-31,109500.98324999999
147,2020-06-01,112797.4947
148,2020-06-02,117052.56538571428
149,2020-06-03,121307.63607142857
150,2020-06-04,125562.70675714285
151,2020-06-05,129817.77744285714
152,2020-06-06,134072.84812857144
153,2020-06-07,138327.91881428572
154,2020-06-08,142582.9895
155,2020-06-09,149837.991
156,2020-06-10,157092.9925
157,2020-06-11,164347.994
158,2020-06-12,171602.9955
159,2020-06-13,178857.997
160,2020-06-14,186112.9985
161,2020-06-15,193368.0
162,2020-06-16,184842.3563857143
163,2020-06-17,176316.71277142857
164,2020-06-18,167791.06915714286
165,2020-06-19,159265.42554285715
166,2020-06-20,150739.78192857144
167,2020-06-21,142214.13831428572
168,2020-06-22,133688.4947
169,2020-06-23,137908.63755714288
170,2020-06-24,142128.78041428572
171,2020-06-25,146348.9232714286
172,2020-06-26,150569.06612857143
173,2020-06-27,154789.2089857143
174,2020-06-28,159009.35184285714
175,2020-06-29,163229.4947
176,2020-06-30,164290.35034285716
177,2020-07-01,165351.2059857143
178,2020-07-02,166412.06162857145
179,2020-07-03,167472.91727142857
180,2020-07-04,168533.7729142857
181,2020-07-05,169594.62855714286
182,2020-07-06,170655.4842
183,2020-07-07,169991.1171
184,2020-07-08,169326.75
185,2020-07-09,168662.3829
186,2020-07-10,167998.01580000002
187,2020-07-11,167333.64870000002
188,2020-07-12,166669.28160000002
189,2020-07-13,166004.9145
190,2020-07-14,163174.69947142858
191,2020-07-15,160344.48444285715
192,2020-07-16,157514.26941428572
193,2020-07-17,154684.0543857143
194,2020-07-18,151853.83935714286
195,2020-07-19,149023.62432857143
196,2020-07-20,146193.4093
197,2020-07-21,149652.27864285716
198,2020-07-22,153111.14798571428
199,2020-07-23,156570.01732857144
200,2020-07-24,160028.88667142857
201,2020-07-25,163487.75601428573
202,2020-07-26,166946.62535714288
203,2020-07-27,170405.4947
204,2020-07-28,162312.8511
205,2020-07-29,154220.20750000002
206,2020-07-30,146127.5639
207,2020-07-31,138034.9203
208,2020-08-01,129942.2767
209,2020-08-02,121849.6331
210,2020-08-03,113756.9895
211,2020-08-04,113443.6209
212,2020-08-05,113130.2523
213,2020-08-06,112816.88369999999
214,2020-08-07,112503.5151
215,2020-08-08,112190.1465
216,2020-08-09,111876.7779
217,2020-08-10,111563.4093
218,2020-08-11,118291.06361428571
219,2020-08-12,125018.71792857142
220,2020-08-13,131746.37224285715
221,2020-08-14,138474.02655714285
222,2020-08-15,145201.68087142857
223,2020-08-16,151929.3351857143
224,2020-08-17,158656.9895
225,2020-08-18,161414.9173142857
226,2020-08-19,164172.84512857144
227,2020-08-20,166930.77294285715
228,2020-08-21,169688.70075714285
229,2020-08-22,172446.62857142856
230,2020-08-23,175204.5563857143
231,2020-08-24,177962.4842
232,2020-08-25,177803.19998571428
233,2020-08-26,177643.91577142858
234,2020-08-27,177484.63155714286
235,2020-08-28,177325.34734285716
236,2020-08-29,177166.06312857143
237,2020-08-30,177006.77891428574
238,2020-08-31,176847.4947
239,2020-09-01,172009.42252857145
240,2020-09-02,167171.35035714286
241,2020-09-03,162333.2781857143
242,2020-09-04,157495.2060142857
243,2020-09-05,152657.13384285715
244,2020-09-06,147819.06167142856
245,2020-09-07,142980.9895
246,2020-09-08,140285.84664285713
247,2020-09-09,137590.7037857143
248,2020-09-10,134895.56092857142
249,2020-09-11,132200.41807142858
250,2020-09-12,129505.2752142857
251,2020-09-13,126810.13235714285
252,2020-09-14,124114.9895
253,2020-09-15,130768.49024285714
254,2020-09-16,137421.99098571428
255,2020-09-17,144075.49172857142
256,2020-09-18,150728.9924714286
257,2020-09-19,157382.49321428573
258,2020-09-20,164035.99395714287
259,2020-09-21,170689.4947
260,2020-09-22,168252.5653857143
261,2020-09-23,165815.63607142857
262,2020-09-24,163378.70675714285
263,2020-09-25,160941.77744285716
264,2020-09-26,158504.84812857144
265,2020-09-27,156067.91881428572
266,2020-09-28,153630.9895
267,2020-09-29,149714.5594142857
268,2020-09-30,145798.12932857143
269,2020-10-01,141881.69924285714
270,2020-10-02,137965.26915714284
271,2020-10-03,134048.83907142858
272,2020-10-04,130132.40898571428
273,2020-10-05,126215.9789
274,2020-10-06,132401.39677142858
275,2020-10-07,138586.81464285715
276,2020-10-08,144772.23251428572
277,2020-10-09,150957.65038571428
278,2020-10-10,157143.06825714288
279,2020-10-11,163328.48612857144
280,2020-10-12,169513.904
281,2020-10-13,166988.9883857143
282,2020-10-14,164464.0727714286
283,2020-10-15,161939.15715714288
284,2020-10-16,159414.24154285714
285,2020-10-17,156889.32592857143
286,2020-10-18,154364.41031428572
287,2020-10-19,151839.4947
288,2020-10-20,152096.61465714287
289,2020-10-21,152353.73461428573
290,2020-10-22,152610.8545714286
291,2020-10-23,152867.97452857142
292,2020-10-24,153125.09448571427
293,2020-10-25,153382.21444285713
294,2020-10-26,153639.3344
295,2020-10-27,154084.9994142857
296,2020-10-28,154530.6644285714
297,2020-10-29,154976.32944285712
298,2020-10-30,155421.99445714286
299,2020-10-31,155867.65947142857
300,2020-11-01,156313.32448571429
301,2020-11-02,156758.9895
302,2020-11-03,147621.13235285715
303,2020-11-04,138483.27520571428
304,2020-11-05,129345.41805857143
305,2020-11-06,120207.56091142856
306,2020-11-07,111069.70376428572
307,2020-11-08,101931.84661714286
308,2020-11-09,92793.98947
309,2020-11-10,97074.12161714285
310,2020-11-11,101354.25376428572
311,2020-11-12,105634.38591142857
312,2020-11-13,109914.51805857143
313,2020-11-14,114194.65020571428
314,2020-11-15,118474.78235285715
315,2020-11-16,122754.9145
316,2020-11-17,135057.913
317,2020-11-18,147360.9115
318,2020-11-19,159663.91
319,2020-11-20,171966.90850000002
320,2020-11-21,184269.907
321,2020-11-22,196572.9055
322,2020-11-23,208875.904
323,2020-11-24,194602.12974285716
324,2020-11-25,180328.3554857143
325,2020-11-26,166054.58122857142
326,2020-11-27,151780.80697142857
327,2020-11-28,137507.0327142857
328,2020-11-29,123233.25845714286
329,2020-11-30,108959.4842
330,2020-12-01,116334.97274285715
331,2020-12-02,123710.4612857143
332,2020-12-03,131085.94982857144
333,2020-12-04,138461.43837142858
334,2020-12-05,145836.92691428572
335,2020-12-06,153212.41545714287
336,2020-12-07,160587.904
337,2020-12-08,167885.3447857143
338,2020-12-09,175182.78557142857
339,2020-12-10,182480.22635714285
340,2020-12-11,189777.66714285716
341,2020-12-12,197075.10792857144
342,2020-12-13,204372.54871428572
343,2020-12-14,211669.9895
344,2020-12-15,199431.7037857143
345,2020-12-16,187193.41807142858
346,2020-12-17,174955.13235714287
347,2020-12-18,162716.84664285713
348,2020-12-19,150478.56092857145
349,2020-12-20,138240.2752142857
350,2020-12-21,126001.9895
351,2020-12-22,129771.70378571429
352,2020-12-23,133541.41807142858
353,2020-12-24,137311.13235714287
354,2020-12-25,141080.84664285713
355,2020-12-26,144850.56092857142
356,2020-12-27,148620.2752142857
357,2020-12-28,152389.9895
358,2020-12-29,145514.56092857142
359,2020-12-30,138639.13235714287
360,2020-12-31,131763.7037857143
361,2021-01-01,124888.2752142857
362,2021-01-02,118012.84664285714
363,2021-01-03,111137.41807142858
364,2021-01-04,104261.9895
365,2021-01-05,116349.32448571429
366,2021-01-06,128436.65947142857
367,2021-01-07,140523.99445714284
368,2021-01-08,152611.32944285712
369,2021-01-09,164698.6644285714
370,2021-01-10,176785.9994142857
371,2021-01-11,188873.3344
372,2021-01-12,191511.9994142857
373,2021-01-13,194150.6644285714
374,2021-01-14,196789.32944285712
375,2021-01-15,199427.99445714286
376,2021-01-16,202066.65947142857
377,2021-01-17,204705.32448571429
378,2021-01-18,207343.9895
379,2021-01-19,199922.40735714286
380,2021-01-20,192500.82521428572
381,2021-01-21,185079.24307142856
382,2021-01-22,177657.66092857142
383,2021-01-23,170236.0787857143
384,2021-01-24,162814.49664285715
385,2021-01-25,155392.9145
386,2021-01-26,160803.85452857145
387,2021-01-27,166214.79455714286
388,2021-01-28,171625.7345857143
389,2021-01-29,177036.67461428573
390,2021-01-30,182447.61464285717
391,2021-01-31,187858.55467142857
392,2021-02-01,193269.4947
393,2021-02-02,194676.2074857143
394,2021-02-03,196082.9202714286
395,2021-02-04,197489.63305714287
396,2021-02-05,198896.34584285715
397,2021-02-06,200303.05862857142
398,2021-02-07,201709.77141428573
399,2021-02-08,203116.4842
400,2021-02-09,200706.4735
401,2021-02-10,198296.4628
402,2021-02-11,195886.4521
403,2021-02-12,193476.4414
404,2021-02-13,191066.4307
405,2021-02-14,188656.41999999998
406,2021-02-15,186246.4093
407,2021-02-16,179537.90854285716
408,2021-02-17,172829.40778571428
409,2021-02-18,166120.90702857144
410,2021-02-19,159412.40627142857
411,2021-02-20,152703.90551428573
412,2021-02-21,145995.40475714288
413,2021-02-22,139286.904
414,2021-02-23,139487.7026714286
415,2021-02-24,139688.50134285714
416,2021-02-25,139889.30001428572
417,2021-02-26,140090.0986857143
418,2021-02-27,140290.89735714288
419,2021-02-28,140491.69602857143
420,2021-03-01,140692.4947
421,2021-03-02,144927.27967142858
422,2021-03-03,149162.06464285715
423,2021-03-04,153396.84961428572
424,2021-03-05,157631.6345857143
425,2021-03-06,161866.41955714286
426,2021-03-07,166101.20452857143
427,2021-03-08,170335.9895
428,2021-03-09,159755.84814285714
429,2021-03-10,149175.70678571428
430,2021-03-11,138595.56542857143
431,2021-03-12,128015.42407142857
432,2021-03-13,117435.28271428571
433,2021-03-14,106855.14135714286
434,2021-03-15,96275.0
435,2021-03-16,103698.5684142857
436,2021-03-17,111122.13682857143
437,2021-03-18,118545.70524285713
438,2021-03-19,125969.27365714285
439,2021-03-20,133392.84207142855
440,2021-03-21,140816.41048571427
441,2021-03-22,148239.9789
442,2021-03-23,153644.11255714286
443,2021-03-24,159048.2462142857
444,2021-03-25,164452.37987142857
445,2021-03-26,169856.51352857144
446,2021-03-27,175260.6471857143
447,2021-03-28,180664.78084285714
448,2021-03-29,186068.9145
449,2021-03-30,186685.20941428572
450,2021-03-31,187301.50432857143
451,2021-04-01,187917.79924285715
452,2021-04-02,188534.09415714286
453,2021-04-03,189150.38907142857
454,2021-04-04,189766.68398571428
455,2021-04-05,190382.9789
456,2021-04-06,182968.19544285713
457,2021-04-07,175553.41198571428
458,2021-04-08,168138.62852857143
459,2021-04-09,160723.84507142857
460,2021-04-10,153309.06161428572
461,2021-04-11,145894.27815714286
462,2021-04-12,138479.4947
463,2021-04-13,139745.63755714288
464,2021-04-14,141011.78041428572
465,2021-04-15,142277.9232714286
466,2021-04-16,143544.06612857143
467,2021-04-17,144810.2089857143
468,2021-04-18,146076.35184285714
469,2021-04-19,147342.4947
470,2021-04-20,151234.8511
471,2021-04-21,155127.20750000002
472,2021-04-22,159019.5639
473,2021-04-23,162911.9203
474,2021-04-24,166804.2767
475,2021-04-25,170696.6331
476,2021-04-26,174588.9895
477,2021-04-27,173427.48874285715
478,2021-04-28,172265.98798571428
479,2021-04-29,171104.48722857144
480,2021-04-30,169942.98647142856
481,2021-05-01,168781.48571428572
482,2021-05-02,167619.98495714285
483,2021-05-03,166458.4842
484,2021-05-04,159730.62705714288
485,2021-05-05,153002.76991428572
486,2021-05-06,146274.9127714286
487,2021-05-07,139547.05562857143
488,2021-05-08,132819.1984857143
489,2021-05-09,126091.34134285715
490,2021-05-10,119363.4842
491,2021-05-11,118973.84210000001
492,2021-05-12,118584.2
493,2021-05-13,118194.5579
494,2021-05-14,117804.9158
495,2021-05-15,117415.2737
496,2021-05-16,117025.6316
497,2021-05-17,116635.9895
498,2021-05-18,122471.13385714285
499,2021-05-19,128306.27821428572
500,2021-05-20,134141.4225714286
501,2021-05-21,139976.56692857144
502,2021-05-22,145811.7112857143
503,2021-05-23,151646.85564285715
504,2021-05-24,157482.0
505,2021-05-25,166241.41485714287
506,2021-05-26,175000.8297142857
507,2021-05-27,183760.24457142857
508,2021-05-28,192519.65942857144
509,2021-05-29,201279.0742857143
510,2021-05-30,210038.48914285714
511,2021-05-31,218797.904
512,2021-06-01,207452.2512
513,2021-06-02,196106.59840000002
514,2021-06-03,184760.9456
515,2021-06-04,173415.2928
516,2021-06-05,162069.64
517,2021-06-06,150723.9872
518,2021-06-07,139378.3344
519,2021-06-08,143771.84434285713
520,2021-06-09,148165.35428571427
521,2021-06-10,152558.86422857142
522,2021-06-11,156952.3741714286
523,2021-06-12,161345.88411428573
524,2021-06-13,165739.39405714287
525,2021-06-14,170132.904
526,2021-06-15,168881.48764285716
527,2021-06-16,167630.07128571428
528,2021-06-17,166378.65492857143
529,2021-06-18,165127.23857142858
530,2021-06-19,163875.82221428573
531,2021-06-20,162624.40585714285
532,2021-06-21,161372.9895
533,2021-06-22,159784.56242857143
534,2021-06-23,158196.13535714286
535,2021-06-24,156607.7082857143
536,2021-06-25,155019.2812142857
537,2021-06-26,153430.85414285713
538,2021-06-27,151842.42707142857
539,2021-06-28,150254.0
540,2021-06-29,147885.92631428572
541,2021-06-30,145517.85262857142
542,2021-07-01,143149.77894285714
543,2021-07-02,140781.70525714286
544,2021-07-03,138413.6315714286
545,2021-07-04,136045.55788571428
546,2021-07-05,133677.4842
547,2021-07-06,135136.18778571428
548,2021-07-07,136594.8913714286
549,2021-07-08,138053.59495714286
550,2021-07-09,139512.29854285714
551,2021-07-10,140971.00212857142
552,2021-07-11,142429.70571428572
553,2021-07-12,143888.4093
554,2021-07-13,150944.27864285716
555,2021-07-14,158000.14798571428
556,2021-07-15,165056.01732857144
557,2021-07-16,172111.88667142857
558,2021-07-17,179167.75601428573
559,2021-07-18,186223.62535714288
560,2021-07-19,193279.4947
561,2021-07-20,186310.4947
562,2021-07-21,179341.4947
563,2021-07-22,172372.4947
564,2021-07-23,165403.4947
565,2021-07-24,158434.4947
566,2021-07-25,151465.4947
567,2021-07-26,144496.4947
568,2021-07-27,139892.2089857143
569,2021-07-28,135287.9232714286
570,2021-07-29,130683.63755714287
571,2021-07-30,126079.35184285714
572,2021-07-31,121475.06612857143
573,2021-08-01,116870.78041428572
574,2021-08-02,112266.4947
575,2021-08-03,118626.56538571428
576,2021-08-04,124986.63607142857
577,2021-08-05,131346.70675714285
578,2021-08-06,137706.77744285713
579,2021-08-07,144066.84812857144
580,2021-08-08,150426.91881428572
581,2021-08-09,156786.9895
582,2021-08-10,151729.77595714285
583,2021-08-11,146672.5624142857
584,2021-08-12,141615.34887142858
585,2021-08-13,136558.13532857143
586,2021-08-14,131500.92178571428
587,2021-08-15,126443.70824285713
588,2021-08-16,121386.4947
589,2021-08-17,126758.56538571428
590,2021-08-18,132130.63607142857
591,2021-08-19,137502.70675714285
592,2021-08-20,142874.77744285713
593,2021-08-21,148246.84812857144
594,2021-08-22,153618.91881428572
595,2021-08-23,158990.9895
596,2021-08-24,155835.2752142857
597,2021-08-25,152679.56092857142
598,2021-08-26,149523.84664285713
599,2021-08-27,146368.13235714287
600,2021-08-28,143212.41807142858
601,2021-08-29,140056.7037857143
602,2021-08-30,136900.9895
603,2021-08-31,131455.04947
604,2021-09-01,126009.10944
605,2021-09-02,120563.16941
606,2021-09-03,115117.22938
607,2021-09-04,109671.28935
608,2021-09-05,104225.34932
609,2021-09-06,98779.40929
610,2021-09-07,102121.27713428572
611,2021-09-08,105463.14497857142
612,2021-09-09,108805.01282285714
613,2021-09-10,112146.88066714286
614,2021-09-11,115488.74851142857
615,2021-09-12,118830.61635571429
616,2021-09-13,122172.4842
617,2021-09-14,122352.27067142857
618,2021-09-15,122532.05714285714
619,2021-09-16,122711.84361428571
620,2021-09-17,122891.63008571429
621,2021-09-18,123071.41655714286
622,2021-09-19,123251.20302857143
623,2021-09-20,123430.9895
624,2021-09-21,124457.41957142857
625,2021-09-22,125483.84964285714
626,2021-09-23,126510.27971428572
627,2021-09-24,127536.70978571428
628,2021-09-25,128563.13985714286
629,2021-09-26,129589.56992857144
630,2021-09-27,130616.0
631,2021-09-28,133832.14285714287
632,2021-09-29,137048.2857142857
633,2021-09-30,140264.42857142858
634,2021-10-01,143480.57142857142
635,2021-10-02,146696.7142857143
636,2021-10-03,149912.85714285716
637,2021-10-04,153129.0
638,2021-10-05,158388.06917142856
639,2021-10-06,163647.13834285716
640,2021-10-07,168906.20751428572
641,2021-10-08,174165.27668571429
642,2021-10-09,179424.34585714285
643,2021-10-10,184683.41502857144
644,2021-10-11,189942.4842
645,2021-10-12,178008.5563857143
646,2021-10-13,166074.62857142856
647,2021-10-14,154140.70075714285
648,2021-10-15,142206.77294285715
649,2021-10-16,130272.84512857143
650,2021-10-17,118338.9173142857
651,2021-10-18,106404.9895
652,2021-10-19,111295.97878571428
653,2021-10-20,116186.96807142858
654,2021-10-21,121077.95735714286
655,2021-10-22,125968.94664285715
656,2021-10-23,130859.93592857145
657,2021-10-24,135750.92521428573
658,2021-10-25,140641.9145
659,2021-10-26,139594.78235714286
660,2021-10-27,138547.65021428574
661,2021-10-28,137500.51807142858
662,2021-10-29,136453.38592857143
663,2021-10-30,135406.25378571427
664,2021-10-31,134359.12164285715
665,2021-11-01,133311.9895
666,2021-11-02,132542.3473857143
667,2021-11-03,131772.70527142857
668,2021-11-04,131003.06315714285
669,2021-11-05,130233.42104285714
670,2021-11-06,129463.77892857142
671,2021-11-07,128694.13681428571
672,2021-11-08,127924.4947
673,2021-11-09,142176.26745714285
674,2021-11-10,156428.04021428572
675,2021-11-11,170679.81297142856
676,2021-11-12,184931.58572857143
677,2021-11-13,199183.3584857143
678,2021-11-14,213435.13124285714
679,2021-11-15,227686.904
680,2021-11-16,221648.55981428572
681,2021-11-17,215610.21562857143
682,2021-11-18,209571.87144285714
683,2021-11-19,203533.52725714288
684,2021-11-20,197495.1830714286
685,2021-11-21,191456.8388857143
686,2021-11-22,185418.4947
687,2021-11-23,169877.20899142858
688,2021-11-24,154335.92328285714
689,2021-11-25,138794.63757428573
690,2021-11-26,123253.35186571428
691,2021-11-27,107712.06615714285
692,2021-11-28,92170.78044857143
693,2021-11-29,76629.49474
694,2021-11-30,88707.56240571428
695,2021-12-01,100785.63007142858
696,2021-12-02,112863.69773714285
697,2021-12-03,124941.76540285716
698,2021-12-04,137019.83306857143
699,2021-12-05,149097.9007342857
700,2021-12-06,161175.9684
701,2021-12-07,155781.25712857145
702,2021-12-08,150386.54585714286
703,2021-12-09,144991.8345857143
704,2021-12-10,139597.1233142857
705,2021-12-11,134202.41204285715
706,2021-12-12,128807.70077142857
707,2021-12-13,123412.9895
708,2021-12-14,127672.6316
709,2021-12-15,131932.2737
710,2021-12-16,136191.91580000002
711,2021-12-17,140451.5579
712,2021-12-18,144711.2
713,2021-12-19,148970.8421
714,2021-12-20,153230.4842
715,2021-12-21,149036.1984857143
716,2021-12-22,144841.9127714286
717,2021-12-23,140647.62705714285
718,2021-12-24,136453.34134285714
719,2021-12-25,132259.05562857143
720,2021-12-26,128064.76991428572
721,2021-12-27,123870.4842
722,2021-12-28,121875.75771428572
723,2021-12-29,119881.03122857143
724,2021-12-30,117886.30474285714
725,2021-12-31,115891.57825714286
726,2022-01-01,113896.85177142857
727,2022-01-02,111902.12528571428
728,2022-01-03,109907.3988
729,2022-01-04,106463.19446
730,2022-01-05,103018.99012
731,2022-01-06,99574.78578
732,2022-01-07,96130.58144
733,2022-01-08,92686.3771
734,2022-01-09,89242.17276
735,2022-01-10,85797.96842
736,2022-01-11,92634.32781714287
737,2022-01-12,99470.68721428572
738,2022-01-13,106307.04661142858
739,2022-01-14,113143.40600857143
740,2022-01-15,119979.7654057143
741,2022-01-16,126816.12480285714
742,2022-01-17,133652.4842
743,2022-01-18,133549.62705714288
744,2022-01-19,133446.76991428572
745,2022-01-20,133343.9127714286
746,2022-01-21,133241.05562857143
747,2022-01-22,133138.1984857143
748,2022-01-23,133035.34134285714
749,2022-01-24,132932.4842
750,2022-01-25,134850.91427142857
751,2022-01-26,136769.34434285716
752,2022-01-27,138687.77441428573
753,2022-01-28,140606.2044857143
754,2022-01-29,142524.63455714285
755,2022-01-30,144443.06462857145
756,2022-01-31,146361.4947
757,2022-02-01,148898.99545714285
758,2022-02-02,151436.49621428573
759,2022-02-03,153973.99697142857
760,2022-02-04,156511.49772857144
761,2022-02-05,159048.99848571428
762,2022-02-06,161586.49924285716
763,2022-02-07,164124.0
764,2022-02-08,157479.28421428573
765,2022-02-09,150834.56842857142
766,2022-02-10,144189.85264285715
767,2022-02-11,137545.13685714285
768,2022-02-12,130900.42107142857
769,2022-02-13,124255.70528571428
770,2022-02-14,117610.9895
771,2022-02-15,121483.20302857143
772,2022-02-16,125355.41655714286
773,2022-02-17,129227.63008571428
774,2022-02-18,133099.84361428572
775,2022-02-19,136972.05714285714
776,2022-02-20,140844.2706714286
777,2022-02-21,144716.4842
778,2022-02-22,148724.05562857143
779,2022-02-23,152731.62705714288
780,2022-02-24,156739.1984857143
781,2022-02-25,160746.76991428572
782,2022-02-26,164754.34134285714
783,2022-02-27,168761.9127714286
784,2022-02-28,172769.4842
785,2022-03-01,175452.8421
786,2022-03-02,178136.2
787,2022-03-03,180819.5579
788,2022-03-04,183502.9158
789,2022-03-05,186186.2737
790,2022-03-06,188869.6316
791,2022-03-07,191552.9895
792,2022-03-08,180949.91881428572
793,2022-03-09,170346.84812857144
794,2022-03-10,159743.77744285716
795,2022-03-11,149140.70675714285
796,2022-03-12,138537.63607142857
797,2022-03-13,127934.56538571429
798,2022-03-14,117331.4947
799,2022-03-15,124076.92177142856
800,2022-03-16,130822.34884285714
801,2022-03-17,137567.7759142857
802,2022-03-18,144313.20298571428
803,2022-03-19,151058.63005714287
804,2022-03-20,157804.05712857144
805,2022-03-21,164549.4842
806,2022-03-22,162825.97424285716
807,2022-03-23,161102.4642857143
808,2022-03-24,159378.95432857145
809,2022-03-25,157655.44437142857
810,2022-03-26,155931.93441428573
811,2022-03-27,154208.42445714286
812,2022-03-28,152484.9145
813,2022-03-29,161067.20021428572
814,2022-03-30,169649.48592857143
815,2022-03-31,178231.77164285714
816,2022-04-01,186814.05735714285
817,2022-04-02,195396.3430714286
818,2022-04-03,203978.6287857143
819,2022-04-04,212560.9145
820,2022-04-05,202928.7101714286
821,2022-04-06,193296.50584285715
822,2022-04-07,183664.30151428573
823,2022-04-08,174032.0971857143
824,2022-04-09,164399.89285714287
825,2022-04-10,154767.68852857145
826,2022-04-11,145135.4842
827,2022-04-12,149985.70074285715
828,2022-04-13,154835.9172857143
829,2022-04-14,159686.13382857142
830,2022-04-15,164536.35037142856
831,2022-04-16,169386.5669142857
832,2022-04-17,174236.78345714285
833,2022-04-18,179087.0
834,2022-04-19,178644.78495714287
835,2022-04-20,178202.5699142857
836,2022-04-21,177760.35487142857
837,2022-04-22,177318.13982857144
838,2022-04-23,176875.9247857143
839,2022-04-24,176433.70974285714
840,2022-04-25,175991.4947
841,2022-04-26,171965.99395714287
842,2022-04-27,167940.49321428573
843,2022-04-28,163914.9924714286
844,2022-04-29,159889.49172857142
845,2022-04-30,155863.99098571428
846,2022-05-01,151838.49024285714
847,2022-05-02,147812.9895
848,2022-05-03,135657.2045342857
849,2022-05-04,123501.41956857142
850,2022-05-05,111345.63460285714
851,2022-05-06,99189.84963714285
852,2022-05-07,87034.06467142857
853,2022-05-08,74878.27970571429
854,2022-05-09,62722.49474
855,2022-05-10,77852.99247714286
856,2022-05-11,92983.49021428572
857,2022-05-12,108113.98795142857
858,2022-05-13,123244.48568857143
859,2022-05-14,138374.98342571428
860,2022-05-15,153505.48116285715
861,2022-05-16,168635.9789
862,2022-05-17,164434.9082285714
863,2022-05-18,160233.83755714286
864,2022-05-19,156032.76688571429
865,2022-05-20,151831.6962142857
866,2022-05-21,147630.62554285713
867,2022-05-22,143429.55487142858
868,2022-05-23,139228.4842
869,2022-05-24,142178.68702857144
870,2022-05-25,145128.88985714287
871,2022-05-26,148079.0926857143
872,2022-05-27,151029.2955142857
873,2022-05-28,153979.49834285714
874,2022-05-29,156929.70117142858
875,2022-05-30,159879.904
876,2022-05-31,154123.7026714286
877,2022-06-01,148367.50134285714
878,2022-06-02,142611.30001428572
879,2022-06-03,136855.0986857143
880,2022-06-04,131098.89735714285
881,2022-06-05,125342.69602857143
882,2022-06-06,119586.4947
883,2022-06-07,118874.84958571428
884,2022-06-08,118163.20447142857
885,2022-06-09,117451.55935714286
886,2022-06-10,116739.91424285714
887,2022-06-11,116028.26912857142
888,2022-06-12,115316.62401428571
889,2022-06-13,114604.9789
890,2022-06-14,122187.0510857143
891,2022-06-15,129769.12327142857
892,2022-06-16,137351.19545714287
893,2022-06-17,144933.26764285716
894,2022-06-18,152515.33982857142
895,2022-06-19,160097.4120142857
896,2022-06-20,167679.4842
897,2022-06-21,166856.25695714288
898,2022-06-22,166033.02971428572
899,2022-06-23,165209.8024714286
900,2022-06-24,164386.57522857143
901,2022-06-25,163563.3479857143
902,2022-06-26,162740.12074285714
903,2022-06-27,161916.8935
904,2022-06-28,155000.1914142857
905,2022-06-29,148083.48932857142
906,2022-06-30,141166.78724285716
907,2022-07-01,134250.08515714286
908,2022-07-02,127333.38307142857
909,2022-07-03,120416.68098571428
910,2022-07-04,113499.9789
911,2022-07-05,122875.9789
912,2022-07-06,132251.9789
913,2022-07-07,141627.9789
914,2022-07-08,151003.9789
915,2022-07-09,160379.9789
916,2022-07-10,169755.9789
917,2022-07-11,179131.9789
918,2022-07-12,173325.9789
919,2022-07-13,167519.9789
920,2022-07-14,161713.9789
921,2022-07-15,155907.9789
922,2022-07-16,150101.9789
923,2022-07-17,144295.9789
924,2022-07-18,138489.9789
925,2022-07-19,139235.05108571428
926,2022-07-20,139980.12327142857
927,2022-07-21,140725.19545714287
928,2022-07-22,141470.26764285713
929,2022-07-23,142215.33982857142
930,2022-07-24,142960.4120142857
931,2022-07-25,143705.4842
932,2022-07-26,148661.62705714288
933,2022-07-27,153617.76991428572
934,2022-07-28,158573.9127714286
935,2022-07-29,163530.05562857143
936,2022-07-30,168486.1984857143
937,2022-07-31,173442.34134285714
938,2022-08-01,178398.4842
939,2022-08-02,168139.91427142857
940,2022-08-03,157881.34434285713
941,2022-08-04,147622.77441428573
942,2022-08-05,137364.2044857143
943,2022-08-06,127105.63455714285
944,2022-08-07,116847.06462857142
945,2022-08-08,106588.4947
946,2022-08-09,106627.33964285714
947,2022-08-10,106666.18458571428
948,2022-08-11,106705.02952857142
949,2022-08-12,106743.87447142857
950,2022-08-13,106782.71941428572
951,2022-08-14,106821.56435714285
952,2022-08-15,106860.4093
953,2022-08-16,111611.20495714285
954,2022-08-17,116362.00061428572
955,2022-08-18,121112.79627142857
956,2022-08-19,125863.59192857142
957,2022-08-20,130614.38758571428
958,2022-08-21,135365.18324285714
959,2022-08-22,140115.9789
960,2022-08-23,141625.2661285714
961,2022-08-24,143134.55335714284
962,2022-08-25,144643.84058571426
963,2022-08-26,146153.12781428572
964,2022-08-27,147662.41504285714
965,2022-08-28,149171.70227142857
966,2022-08-29,150680.9895
967,2022-08-30,150895.06017142857
968,2022-08-31,151109.13084285715
969,2022-09-01,151323.20151428573
970,2022-09-02,151537.27218571428
971,2022-09-03,151751.34285714285
972,2022-09-04,151965.41352857143
973,2022-09-05,152179.4842
974,2022-09-06,155039.75771428572
975,2022-09-07,157900.03122857143
976,2022-09-08,160760.30474285714
977,2022-09-09,163620.57825714286
978,2022-09-10,166480.85177142857
979,2022-09-11,169341.12528571428
980,2022-09-12,172201.3988
981,2022-09-13,162912.55385714286
982,2022-09-14,153623.7089142857
983,2022-09-15,144334.86397142857
984,2022-09-16,135046.01902857143
985,2022-09-17,125757.17408571429
986,2022-09-18,116468.32914285714
987,2022-09-19,107179.4842
988,2022-09-20,112059.33064285715
989,2022-09-21,116939.17708571428
990,2022-09-22,121819.02352857143
991,2022-09-23,126698.86997142858
992,2022-09-24,131578.7164142857
993,2022-09-25,136458.56285714285
994,2022-09-26,141338.4093
995,2022-09-27,141673.0621
996,2022-09-28,142007.7149
997,2022-09-29,142342.3677
998,2022-09-30,142677.02049999998
999,2022-10-01,143011.6733
1000,2022-10-02,143346.32609999998
1001,2022-10-03,143680.9789
1002,2022-10-04,147811.48115714284
1003,2022-10-05,151941.9834142857
1004,2022-10-06,156072.48567142856
1005,2022-10-07,160202.98792857144
1006,2022-10-08,164333.4901857143
1007,2022-10-09,168463.99244285715
1008,2022-10-10,172594.4947
1009,2022-10-11,161671.84959285715
1010,2022-10-12,150749.2044857143
1011,2022-10-13,139826.55937857143
1012,2022-10-14,128903.91427142857
1013,2022-10-15,117981.26916428571
1014,2022-10-16,107058.62405714286
1015,2022-10-17,96135.97895
1016,2022-10-18,99933.90977142857
1017,2022-10-19,103731.84059285714
1018,2022-10-20,107529.77141428571
1019,2022-10-21,111327.70223571429
1020,2022-10-22,115125.63305714286
1021,2022-10-23,118923.56387857143
1022,2022-10-24,122721.4947
1023,2022-10-25,122160.06312857142
1024,2022-10-26,121598.63155714286
1025,2022-10-27,121037.19998571428
1026,2022-10-28,120475.76841428572
1027,2022-10-29,119914.33684285714
1028,2022-10-30,119352.90527142858
1029,2022-10-31,118791.4737
1030,2022-11-01,125657.26167142857
1031,2022-11-02,132523.04964285714
1032,2022-11-03,139388.8376142857
1033,2022-11-04,146254.6255857143
1034,2022-11-05,153120.41355714286
1035,2022-11-06,159986.20152857143
1036,2022-11-07,166851.9895
1037,2022-11-08,168294.7037857143
1038,2022-11-09,169737.41807142858
1039,2022-11-10,171180.13235714287
1040,2022-11-11,172622.84664285713
1041,2022-11-12,174065.56092857142
1042,2022-11-13,175508.2752142857
1043,2022-11-14,176950.9895
1044,2022-11-15,172531.98798571428
1045,2022-11-16,168112.98647142856
1046,2022-11-17,163693.98495714285
1047,2022-11-18,159274.98344285713
1048,2022-11-19,154855.98192857142
1049,2022-11-20,150436.9804142857
1050,2022-11-21,146017.9789
1051,2022-11-22,137338.4074785714
1052,2022-11-23,128658.83605714285
1053,2022-11-24,119979.26463571428
1054,2022-11-25,111299.69321428571
1055,2022-11-26,102620.12179285714
1056,2022-11-27,93940.55037142857
1057,2022-11-28,85260.97895
1058,2022-11-29,99628.47970000001
1059,2022-11-30,113995.98045
1060,2022-12-01,128363.48120000001
1061,2022-12-02,142730.98195000002
1062,2022-12-03,157098.4827
1063,2022-12-04,171465.98345
1064,2022-12-05,185833.4842
1065,2022-12-06,183894.69772857142
1066,2022-12-07,181955.91125714287
1067,2022-12-08,180017.1247857143
1068,2022-12-09,178078.3383142857
1069,2022-12-10,176139.55184285712
1070,2022-12-11,174200.76537142857
1071,2022-12-12,172261.9789
1072,2022-12-13,167340.5381285714
1073,2022-12-14,162419.09735714286
1074,2022-12-15,157497.65658571429
1075,2022-12-16,152576.2158142857
1076,2022-12-17,147654.77504285713
1077,2022-12-18,142733.33427142858
1078,2022-12-19,137811.8935
1079,2022-12-20,138259.66775714286
1080,2022-12-21,138707.4420142857
1081,2022-12-22,139155.21627142857
1082,2022-12-23,139602.99052857145
1083,2022-12-24,140050.7647857143
1084,2022-12-25,140498.53904285716
1085,2022-12-26,140946.3133
1086,2022-12-27,135012.69561
1087,2022-12-28,129079.07792000001
1088,2022-12-29,123145.46023
1089,2022-12-30,117211.84254000001
1090,2022-12-31,111278.22485
1091,2023-01-01,105344.60716
1092,2023-01-02,99410.98947
1093,2023-01-03,103632.91728857144
1094,2023-01-04,107854.84510714286
1095,2023-01-05,112076.7729257143
1096,2023-01-06,116298.70074428571
1097,2023-01-07,120520.62856285715
1098,2023-01-08,124742.55638142859
1099,2023-01-09,128964.4842
1100,2023-01-10,127882.54267142857
1101,2023-01-11,126800.60114285715
1102,2023-01-12,125718.65961428572
1103,2023-01-13,124636.7180857143
1104,2023-01-14,123554.77655714286
1105,2023-01-15,122472.83502857143
1106,2023-01-16,121390.8935
1107,2023-01-17,131419.40645714288
1108,2023-01-18,141447.91941428572
1109,2023-01-19,151476.4323714286
1110,2023-01-20,161504.94532857143
1111,2023-01-21,171533.4582857143
1112,2023-01-22,181561.97124285717
1113,2023-01-23,191590.4842
1114,2023-01-24,185604.62705714288
1115,2023-01-25,179618.76991428572
1116,2023-01-26,173632.9127714286
1117,2023-01-27,167647.05562857143
1118,2023-01-28,161661.1984857143
1119,2023-01-29,155675.34134285717
1120,2023-01-30,149689.4842
1121,2023-01-31,157649.4842
1122,2023-02-01,165609.4842
1123,2023-02-02,173569.4842
1124,2023-02-03,181529.4842
1125,2023-02-04,189489.4842
1126,2023-02-05,197449.4842
1127,2023-02-06,205409.4842
1128,2023-02-07,192794.5426714286
1129,2023-02-08,180179.60114285714
1130,2023-02-09,167564.65961428572
1131,2023-02-10,154949.7180857143
1132,2023-02-11,142334.77655714285
1133,2023-02-12,129719.83502857143
1134,2023-02-13,117104.8935
1135,2023-02-14,115923.83352857143
1136,2023-02-15,114742.77355714286
1137,2023-02-16,113561.71358571429
1138,2023-02-17,112380.65361428572
1139,2023-02-18,111199.59364285714
1140,2023-02-19,110018.53367142857
1141,2023-02-20,108837.4737
1142,2023-02-21,105105.04663
1143,2023-02-22,101372.61956
1144,2023-02-23,97640.19249
1145,2023-02-24,93907.76542
1146,2023-02-25,90175.33835
1147,2023-02-26,86442.91128
1148,2023-02-27,82710.48421
1149,2023-02-28,89297.05563714285
1150,2023-03-01,95883.62706428571
1151,2023-03-02,102470.19849142857
1152,2023-03-03,109056.76991857143
1153,2023-03-04,115643.34134571429
1154,2023-03-05,122229.91277285715
1155,2023-03-06,128816.4842
1156,2023-03-07,129170.84210000001
1157,2023-03-08,129525.2
1158,2023-03-09,129879.5579
1159,2023-03-10,130233.9158
1160,2023-03-11,130588.2737
1161,2023-03-12,130942.6316
1162,2023-03-13,131296.9895
1163,2023-03-14,130992.47654285714
1164,2023-03-15,130687.96358571429
1165,2023-03-16,130383.45062857143
1166,2023-03-17,130078.93767142856
1167,2023-03-18,129774.4247142857
1168,2023-03-19,129469.91175714285
1169,2023-03-20,129165.3988
1170,2023-03-21,123760.40949714286
1171,2023-03-22,118355.4201942857
1172,2023-03-23,112950.43089142856
1173,2023-03-24,107545.44158857143
1174,2023-03-25,102140.45228571427
1175,2023-03-26,96735.46298285713
1176,2023-03-27,91330.47368
1177,2023-03-28,95416.47518285715
1178,2023-03-29,99502.47668571428
1179,2023-03-30,103588.47818857143
1180,2023-03-31,107674.47969142857
1181,2023-04-01,111760.48119428572
1182,2023-04-02,115846.48269714287
1183,2023-04-03,119932.4842
1184,2023-04-04,123285.55337142858
1185,2023-04-05,126638.62254285715
1186,2023-04-06,129991.69171428573
1187,2023-04-07,133344.7608857143
1188,2023-04-08,136697.83005714286
1189,2023-04-09,140050.89922857145
1190,2023-04-10,143403.9684
1191,2023-04-11,147211.60431428574
1192,2023-04-12,151019.24022857143
1193,2023-04-13,154826.87614285716
1194,2023-04-14,158634.51205714286
1195,2023-04-15,162442.14797142858
1196,2023-04-16,166249.7838857143
1197,2023-04-17,170057.4198
1198,2023-04-18,166233.57335714286
1199,2023-04-19,162409.7269142857
1200,2023-04-20,158585.88047142857
1201,2023-04-21,154762.03402857145
1202,2023-04-22,150938.1875857143
1203,2023-04-23,147114.34114285716
1204,2023-04-24,143290.4947
1205,2023-04-25,140859.56387142857
1206,2023-04-26,138428.63304285714
1207,2023-04-27,135997.70221428573
1208,2023-04-28,133566.7713857143
1209,2023-04-29,131135.84055714286
1210,2023-04-30,128704.90972857144
1211,2023-05-01,126273.9789
1212,2023-05-02,128939.90822857142
1213,2023-05-03,131605.83755714286
1214,2023-05-04,134271.76688571429
1215,2023-05-05,136937.6962142857
1216,2023-05-06,139603.62554285716
1217,2023-05-07,142269.55487142858
1218,2023-05-08,144935.4842
1219,2023-05-09,146244.0419142857
1220,2023-05-10,147552.59962857142
1221,2023-05-11,148861.15734285713
1222,2023-05-12,150169.71505714286
1223,2023-05-13,151478.27277142857
1224,2023-05-14,152786.83048571428
1225,2023-05-15,154095.3882
1226,2023-05-16,151404.3882
1227,2023-05-17,148713.3882
1228,2023-05-18,146022.3882
1229,2023-05-19,143331.3882
1230,2023-05-20,140640.3882
1231,2023-05-21,137949.3882
1232,2023-05-22,135258.3882
1233,2023-05-23,138561.83048571428
1234,2023-05-24,141865.27277142857
1235,2023-05-25,145168.71505714286
1236,2023-05-26,148472.15734285713
1237,2023-05-27,151775.59962857142
1238,2023-05-28,155079.0419142857
1239,2023-05-29,158382.4842
1240,2023-05-30,156786.25995714287
1241,2023-05-31,155190.0357142857
1242,2023-06-01,153593.81147142858
1243,2023-06-02,151997.58722857144
1244,2023-06-03,150401.3629857143
1245,2023-06-04,148805.13874285715
1246,2023-06-05,147208.9145
1247,2023-06-06,146514.92521428573
1248,2023-06-07,145820.93592857145
1249,2023-06-08,145126.94664285716
1250,2023-06-09,144432.95735714285
1251,2023-06-10,143738.96807142856
1252,2023-06-11,143044.97878571428
1253,2023-06-12,142350.9895
1254,2023-06-13,148077.84664285713
1255,2023-06-14,153804.7037857143
1256,2023-06-15,159531.56092857142
1257,2023-06-16,165258.41807142858
1258,2023-06-17,170985.2752142857
1259,2023-06-18,176712.13235714287
1260,2023-06-19,182438.9895
1261,2023-06-20,179188.34588571428
1262,2023-06-21,175937.70227142857
1263,2023-06-22,172687.05865714286
1264,2023-06-23,169436.41504285714
1265,2023-06-24,166185.77142857143
1266,2023-06-25,162935.12781428572
1267,2023-06-26,159684.4842
1268,2023-06-27,166638.34134285714
1269,2023-06-28,173592.1984857143
1270,2023-06-29,180546.05562857143
1271,2023-06-30,187499.9127714286
1272,2023-07-01,194453.76991428572
1273,2023-07-02,201407.62705714285
1274,2023-07-03,208361.4842
1275,2023-07-04,203273.77141428573
1276,2023-07-05,198186.05862857142
1277,2023-07-06,193098.34584285715
1278,2023-07-07,188010.63305714287
1279,2023-07-08,182922.9202714286
1280,2023-07-09,177835.2074857143
1281,2023-07-10,172747.4947
1282,2023-07-11,167944.9202714286
1283,2023-07-12,163142.34584285715
1284,2023-07-13,158339.77141428573
1285,2023-07-14,153537.19698571428
1286,2023-07-15,148734.62255714287
1287,2023-07-16,143932.04812857142
1288,2023-07-17,139129.4737
1289,2023-07-18,141970.83158571427
1290,2023-07-19,144812.18947142857
1291,2023-07-20,147653.54735714284
1292,2023-07-21,150494.90524285714
1293,2023-07-22,153336.26312857142
1294,2023-07-23,156177.62101428572
1295,2023-07-24,159018.9789
1296,2023-07-25,154132.6225142857
1297,2023-07-26,149246.2661285714
1298,2023-07-27,144359.90974285715
1299,2023-07-28,139473.55335714287
1300,2023-07-29,134587.19697142858
1301,2023-07-30,129700.8405857143
1302,2023-07-31,124814.4842
1303,2023-08-01,122972.48270000001
1304,2023-08-02,121130.48120000001
1305,2023-08-03,119288.47970000001
1306,2023-08-04,117446.4782
1307,2023-08-05,115604.4767
1308,2023-08-06,113762.4752
1309,2023-08-07,111920.4737
1310,2023-08-08,116868.19098571429
1311,2023-08-09,121815.90827142858
1312,2023-08-10,126763.62555714286
1313,2023-08-11,131711.34284285715
1314,2023-08-12,136659.06012857144
1315,2023-08-13,141606.77741428572
1316,2023-08-14,146554.4947
1317,2023-08-15,149655.77891428574
1318,2023-08-16,152757.06312857143
1319,2023-08-17,155858.34734285716
1320,2023-08-18,158959.63155714286
1321,2023-08-19,162060.91577142858
1322,2023-08-20,165162.19998571428
1323,2023-08-21,168263.4842
1324,2023-08-22,163449.60565714285
1325,2023-08-23,158635.72711428572
1326,2023-08-24,153821.84857142856
1327,2023-08-25,149007.97002857144
1328,2023-08-26,144194.09148571428
1329,2023-08-27,139380.21294285715
1330,2023-08-28,134566.3344
1331,2023-08-29,139474.56782857142
1332,2023-08-30,144382.80125714286
1333,2023-08-31,149291.0346857143
1334,2023-09-01,154199.26811428572
1335,2023-09-02,159107.50154285715
1336,2023-09-03,164015.73497142858
1337,2023-09-04,168923.9684
1338,2023-09-05,173296.32630000002
1339,2023-09-06,177668.68420000002
1340,2023-09-07,182041.04210000002
1341,2023-09-08,186413.4
1342,2023-09-09,190785.7579
1343,2023-09-10,195158.1158
1344,2023-09-11,199530.4737
1345,2023-09-12,189360.04512857142
1346,2023-09-13,179189.61655714287
1347,2023-09-14,169019.1879857143
1348,2023-09-15,158848.7594142857
1349,2023-09-16,148678.33084285713
1350,2023-09-17,138507.90227142858
1351,2023-09-18,128337.4737
1352,2023-09-19,133022.96224285715
1353,2023-09-20,137708.4507857143
1354,2023-09-21,142393.93932857143
1355,2023-09-22,147079.42787142858
1356,2023-09-23,151764.91641428572
1357,2023-09-24,156450.40495714286
1358,2023-09-25,161135.8935
1359,2023-09-26,162302.2636
1360,2023-09-27,163468.6337
1361,2023-09-28,164635.0038
1362,2023-09-29,165801.3739
1363,2023-09-30,166967.744
1364,2023-10-01,168134.1141
1365,2023-10-02,169300.4842
1366,2023-10-03,161843.91127142857
1367,2023-10-04,154387.33834285714
1368,2023-10-05,146930.7654142857
1369,2023-10-06,139474.1924857143
1370,2023-10-07,132017.61955714287
1371,2023-10-08,124561.04662857144
1372,2023-10-09,117104.4737
1373,2023-10-10,115128.19098571429
1374,2023-10-11,113151.90827142858
1375,2023-10-12,111175.62555714286
1376,2023-10-13,109199.34284285714
1377,2023-10-14,107223.06012857142
1378,2023-10-15,105246.77741428571
1379,2023-10-16,103270.4947
1380,2023-10-17,107899.4932
1381,2023-10-18,112528.4917
1382,2023-10-19,117157.4902
1383,2023-10-20,121786.4887
1384,2023-10-21,126415.4872
1385,2023-10-22,131044.4857
1386,2023-10-23,135673.4842
1387,2023-10-24,131319.55337142857
1388,2023-10-25,126965.62254285715
1389,2023-10-26,122611.69171428571
1390,2023-10-27,118257.76088571429
1391,2023-10-28,113903.83005714286
1392,2023-10-29,109549.89922857142
1393,2023-10-30,105195.9684
1394,2023-10-31,108383.11275714285
1395,2023-11-01,111570.25711428572
1396,2023-11-02,114757.40147142857
1397,2023-11-03,117944.54582857143
1398,2023-11-04,121131.69018571428
1399,2023-11-05,124318.83454285715
1400,2023-11-06,127505.9789
1401,2023-11-07,132867.76537142857
1402,2023-11-08,138229.55184285715
1403,2023-11-09,143591.33831428573
1404,2023-11-10,148953.1247857143
1405,2023-11-11,154314.91125714287
1406,2023-11-12,159676.69772857142
1407,2023-11-13,165038.4842
1408,2023-11-14,166899.41051428573
1409,2023-11-15,168760.33682857142
1410,2023-11-16,170621.26314285715
1411,2023-11-17,172482.18945714287
1412,2023-11-18,174343.1157714286
1413,2023-11-19,176204.0420857143
1414,2023-11-20,178064.9684
1415,2023-11-21,175205.75637142858
1416,2023-11-22,172346.54434285715
1417,2023-11-23,169487.3323142857
1418,2023-11-24,166628.1202857143
1419,2023-11-25,163768.90825714287
1420,2023-11-26,160909.69622857144
1421,2023-11-27,158050.4842
1422,2023-11-28,157736.33682857142
1423,2023-11-29,157422.18945714287
1424,2023-11-30,157108.0420857143
1425,2023-12-01,156793.8947142857
1426,2023-12-02,156479.74734285712
1427,2023-12-03,156165.59997142857
1428,2023-12-04,155851.4526
1429,2023-12-05,155467.7428285714
1430,2023-12-06,155084.03305714286
1431,2023-12-07,154700.3232857143
1432,2023-12-08,154316.6135142857
1433,2023-12-09,153932.90374285713
1434,2023-12-10,153549.19397142858
1435,2023-12-11,153165.4842
1436,2023-12-12,154182.4827
1437,2023-12-13,155199.4812
1438,2023-12-14,156216.4797
1439,2023-12-15,157233.4782
1440,2023-12-16,158250.4767
1441,2023-12-17,159267.47520000002
1442,2023-12-18,160284.4737
1443,2023-12-19,156845.04662857144
1444,2023-12-20,153405.61955714287
1445,2023-12-21,149966.1924857143
1446,2023-12-22,146526.7654142857
1447,2023-12-23,143087.33834285714
1448,2023-12-24,139647.91127142857
1449,2023-12-25,136208.4842
1450,2023-12-26,134481.05412857144
1451,2023-12-27,132753.62405714285
1452,2023-12-28,131026.19398571429
1453,2023-12-29,129298.76391428572
1454,2023-12-30,127571.33384285714
1455,2023-12-31,125843.90377142857
1456,2024-01-01,124116.4737
1457,2024-01-02,132705.47520000002
1458,2024-01-03,141294.4767
1459,2024-01-04,149883.4782
1460,2024-01-05,158472.4797
1461,2024-01-06,167061.4812
1462,2024-01-07,175650.4827
1463,2024-01-08,184239.4842
1464,2024-01-09,183963.8421
1465,2024-01-10,183688.2
1466,2024-01-11,183412.5579
1467,2024-01-12,183136.9158
1468,2024-01-13,182861.2737
1469,2024-01-14,182585.6316
1470,2024-01-15,182309.9895
1471,2024-01-16,178549.98798571428
1472,2024-01-17,174789.98647142856
1473,2024-01-18,171029.98495714285
1474,2024-01-19,167269.98344285713
1475,2024-01-20,163509.98192857142
1476,2024-01-21,159749.9804142857
1477,2024-01-22,155989.9789
1478,2024-01-23,153981.47965714286
1479,2024-01-24,151972.9804142857
1480,2024-01-25,149964.48117142858
1481,2024-01-26,147955.98192857142
1482,2024-01-27,145947.4826857143
1483,2024-01-28,143938.98344285713
1484,2024-01-29,141930.4842
1485,2024-01-30,149466.82988571428
1486,2024-01-31,157003.17557142858
1487,2024-02-01,164539.52125714286
1488,2024-02-02,172075.86694285716
1489,2024-02-03,179612.21262857143
1490,2024-02-04,187148.5583142857
1491,2024-02-05,194684.904
1492,2024-02-06,189499.2726
1493,2024-02-07,184313.6412
1494,2024-02-08,179128.0098
1495,2024-02-09,173942.37840000002
1496,2024-02-10,168756.747
1497,2024-02-11,163571.11560000002
1498,2024-02-12,158385.4842
1499,2024-02-13,154797.26915714287
1500,2024-02-14,151209.0541142857
1501,2024-02-15,147620.83907142858
1502,2024-02-16,144032.62402857142
1503,2024-02-17,140444.40898571428
1504,2024-02-18,136856.19394285715
1505,2024-02-19,133267.9789
1506,2024-02-20,136105.19244285714
1507,2024-02-21,138942.4059857143
1508,2024-02-22,141779.61952857143
1509,2024-02-23,144616.83307142855
1510,2024-02-24,147454.0466142857
1511,2024-02-25,150291.26015714285
1512,2024-02-26,153128.4737
1513,2024-02-27,155519.04512857142
1514,2024-02-28,157909.61655714287
1515,2024-02-29,160300.1879857143
1516,2024-03-01,162690.7594142857
1517,2024-03-02,165081.33084285713
1518,2024-03-03,167471.90227142858
1519,2024-03-04,169862.4737
1520,2024-03-05,168547.18948571428
1521,2024-03-06,167231.90527142858
1522,2024-03-07,165916.62105714285
1523,2024-03-08,164601.33684285716
1524,2024-03-09,163286.05262857143
1525,2024-03-10,161970.76841428573
1526,2024-03-11,160655.4842
1527,2024-03-12,152210.31994285714
1528,2024-03-13,143765.1556857143
1529,2024-03-14,135319.99142857143
1530,2024-03-15,126874.82717142858
1531,2024-03-16,118429.66291428573
1532,2024-03-17,109984.49865714286
1533,2024-03-18,101539.3344
1534,2024-03-19,103241.55712857144
1535,2024-03-20,104943.77985714286
1536,2024-03-21,106646.00258571429
1537,2024-03-22,108348.22531428572
1538,2024-03-23,110050.44804285716
1539,2024-03-24,111752.67077142857
1540,2024-03-25,113454.8935
1541,2024-03-26,126115.9057
1542,2024-03-27,138776.9179
1543,2024-03-28,151437.9301
1544,2024-03-29,164098.9423
1545,2024-03-30,176759.9545
1546,2024-03-31,189420.9667
1547,2024-04-01,202081.9789
1548,2024-04-02,194720.9052285714
1549,2024-04-03,187359.83155714284
1550,2024-04-04,179998.7578857143
1551,2024-04-05,172637.68421428572
1552,2024-04-06,165276.61054285715
1553,2024-04-07,157915.53687142857
1554,2024-04-08,150554.4632
1555,2024-04-09,146510.75041428572
1556,2024-04-10,142467.03762857142
1557,2024-04-11,138423.32484285714
1558,2024-04-12,134379.61205714286
1559,2024-04-13,130335.89927142857
1560,2024-04-14,126292.18648571428
1561,2024-04-15,122248.4737
1562,2024-04-16,127053.54437142858
1563,2024-04-17,131858.61504285716
1564,2024-04-18,136663.6857142857
1565,2024-04-19,141468.75638571428
1566,2024-04-20,146273.82705714286
1567,2024-04-21,151078.89772857144
1568,2024-04-22,155883.9684
1569,2024-04-23,154303.61201428573
1570,2024-04-24,152723.25562857144
1571,2024-04-25,151142.89924285715
1572,2024-04-26,149562.54285714286
1573,2024-04-27,147982.18647142858
1574,2024-04-28,146401.8300857143
1575,2024-04-29,144821.4737
1576,2024-04-30,140399.40301428572
1577,2024-05-01,135977.33232857144
1578,2024-05-02,131555.26164285713
1579,2024-05-03,127133.19095714286
1580,2024-05-04,122711.12027142858
1581,2024-05-05,118289.0495857143
1582,2024-05-06,113866.9789
1583,2024-05-07,122338.3246
1584,2024-05-08,130809.6703
1585,2024-05-09,139281.016
1586,2024-05-10,147752.3617
1587,2024-05-11,156223.7074
1588,2024-05-12,164695.05310000002
1589,2024-05-13,173166.3988
1590,2024-05-14,165768.7566857143
1591,2024-05-15,158371.11457142857
1592,2024-05-16,150973.47245714284
1593,2024-05-17,143575.83034285714
1594,2024-05-18,136178.18822857144
1595,2024-05-19,128780.54611428571
1596,2024-05-20,121382.904
1597,2024-05-21,123276.5583142857
1598,2024-05-22,125170.21262857143
1599,2024-05-23,127063.86694285714
1600,2024-05-24,128957.52125714286
1601,2024-05-25,130851.17557142857
1602,2024-05-26,132744.82988571428
1603,2024-05-27,134638.4842
1604,2024-05-28,142826.69772857142
1605,2024-05-29,151014.91125714287
1606,2024-05-30,159203.1247857143
1607,2024-05-31,167391.3383142857
1608,2024-06-01,175579.55184285715
1609,2024-06-02,183767.76537142857
1610,2024-06-03,191955.9789
1611,2024-06-04,189891.39827142857
1612,2024-06-05,187826.81764285715
1613,2024-06-06,185762.23701428573
1614,2024-06-07,183697.65638571428
1615,2024-06-08,181633.07575714285
1616,2024-06-09,179568.49512857143
1617,2024-06-10,177503.9145
1618,2024-06-11,178183.5658142857
1619,2024-06-12,178863.21712857144
1620,2024-06-13,179542.86844285714
1621,2024-06-14,180222.51975714287
1622,2024-06-15,180902.17107142857
1623,2024-06-16,181581.8223857143
1624,2024-06-17,182261.4737
1625,2024-06-18,174694.8315857143
1626,2024-06-19,167128.18947142857
1627,2024-06-20,159561.54735714284
1628,2024-06-21,151994.90524285714
1629,2024-06-22,144428.26312857145
1630,2024-06-23,136861.62101428572
1631,2024-06-24,129294.9789
1632,2024-06-25,133999.62101428572
1633,2024-06-26,138704.26312857145
1634,2024-06-27,143408.90524285714
1635,2024-06-28,148113.54735714284
1636,2024-06-29,152818.18947142857
1637,2024-06-30,157522.8315857143
1638,2024-07-01,162227.4737
1639,2024-07-02,155882.68872857143
1640,2024-07-03,149537.90375714286
1641,2024-07-04,143193.1187857143
1642,2024-07-05,136848.33381428572
1643,2024-07-06,130503.54884285716
1644,2024-07-07,124158.76387142857
1645,2024-07-08,117813.9789
1646,2024-07-09,121095.89752857143
1647,2024-07-10,124377.81615714286
1648,2024-07-11,127659.73478571429
1649,2024-07-12,130941.65341428571
1650,2024-07-13,134223.57204285715
1651,2024-07-14,137505.49067142856
1652,2024-07-15,140787.4093
1653,2024-07-16,146458.56285714285
1654,2024-07-17,152129.7164142857
1655,2024-07-18,157800.8699714286
1656,2024-07-19,163472.02352857144
1657,2024-07-20,169143.1770857143
1658,2024-07-21,174814.33064285715
1659,2024-07-22,180485.4842
1660,2024-07-23,184904.55487142858
1661,2024-07-24,189323.62554285713
1662,2024-07-25,193742.6962142857
1663,2024-07-26,198161.76688571429
1664,2024-07-27,202580.83755714286
1665,2024-07-28,206999.9082285714
1666,2024-07-29,211418.9789
1667,2024-07-30,201739.19244285714
1668,2024-07-31,192059.4059857143
1669,2024-08-01,182379.61952857143
1670,2024-08-02,172699.83307142858
1671,2024-08-03,163020.04661428573
1672,2024-08-04,153340.26015714285
1673,2024-08-05,143660.4737
1674,2024-08-06,150065.30942857143
1675,2024-08-07,156470.14515714286
1676,2024-08-08,162874.9808857143
1677,2024-08-09,169279.81661428572
1678,2024-08-10,175684.65234285715
1679,2024-08-11,182089.48807142858
1680,2024-08-12,188494.3238
1681,2024-08-13,188757.46665714288
1682,2024-08-14,189020.60951428572
1683,2024-08-15,189283.7523714286
1684,2024-08-16,189546.89522857143
1685,2024-08-17,189810.0380857143
1686,2024-08-18,190073.18094285714
1687,2024-08-19,190336.3238
1688,2024-08-20,191453.0595
1689,2024-08-21,192569.79520000002
1690,2024-08-22,193686.5309
1691,2024-08-23,194803.2666
1692,2024-08-24,195920.0023
1693,2024-08-25,197036.738
1694,2024-08-26,198153.4737
1695,2024-08-27,200969.24945714287
1696,2024-08-28,203785.0252142857
1697,2024-08-29,206600.80097142857
1698,2024-08-30,209416.57672857144
1699,2024-08-31,212232.3524857143
1700,2024-09-01,215048.12824285714
1701,2024-09-02,217863.904
1702,2024-09-03,206373.17751428572
1703,2024-09-04,194882.45102857144
1704,2024-09-05,183391.72454285715
1705,2024-09-06,171900.99805714286
1706,2024-09-07,160410.27157142857
1707,2024-09-08,148919.5450857143
1708,2024-09-09,137428.8186
1709,2024-09-10,143542.1165142857
1710,2024-09-11,149655.41442857144
1711,2024-09-12,155768.71234285715
1712,2024-09-13,161882.01025714286
1713,2024-09-14,167995.30817142857
1714,2024-09-15,174108.6060857143
1715,2024-09-16,180221.904
1716,2024-09-17,180388.9761857143
1717,2024-09-18,180556.04837142857
1718,2024-09-19,180723.12055714286
1719,2024-09-20,180890.19274285715
1720,2024-09-21,181057.26492857144
1721,2024-09-22,181224.3371142857
1722,2024-09-23,181391.4093
1723,2024-09-24,180260.56285714285
1724,2024-09-25,179129.7164142857
1725,2024-09-26,177998.86997142856
1726,2024-09-27,176868.02352857144
1727,2024-09-28,175737.1770857143
1728,2024-09-29,174606.33064285715
1729,2024-09-30,173475.4842
1730,2024-10-01,172933.05412857144
1731,2024-10-02,172390.62405714285
1732,2024-10-03,171848.1939857143
1733,2024-10-04,171305.76391428572
1734,2024-10-05,170763.33384285716
1735,2024-10-06,170220.90377142857
1736,2024-10-07,169678.4737
1737,2024-10-08,172792.4767
1738,2024-10-09,175906.4797
1739,2024-10-10,179020.4827
1740,2024-10-11,182134.48570000002
1741,2024-10-12,185248.48870000002
1742,2024-10-13,188362.4917
1743,2024-10-14,191476.4947
1744,2024-10-15,192384.5653857143
1745,2024-10-16,193292.63607142857
1746,2024-10-17,194200.70675714285
1747,2024-10-18,195108.77744285716
1748,2024-10-19,196016.84812857144
1749,2024-10-20,196924.91881428572
1750,2024-10-21,197832.9895
1751,2024-10-22,190244.90661428572
1752,2024-10-23,182656.8237285714
1753,2024-10-24,175068.74084285714
1754,2024-10-25,167480.65795714286
1755,2024-10-26,159892.57507142855
1756,2024-10-27,152304.49218571428
1757,2024-10-28,144716.4093
1758,2024-10-29,144538.56285714285
1759,2024-10-30,144360.7164142857
1760,2024-10-31,144182.86997142856
1761,2024-11-01,144005.02352857144
1762,2024-11-02,143827.1770857143
1763,2024-11-03,143649.33064285715
1764,2024-11-04,143471.4842
1765,2024-11-05,132262.19848714286
1766,2024-11-06,121052.91277428571
1767,2024-11-07,109843.62706142857
1768,2024-11-08,98634.34134857143
1769,2024-11-09,87425.05563571428
1770,2024-11-10,76215.76992285714
1771,2024-11-11,65006.48421
1772,2024-11-12,76326.41052285714
1773,2024-11-13,87646.33683571429
1774,2024-11-14,98966.26314857144
1775,2024-11-15,110286.18946142858
1776,2024-11-16,121606.11577428573
1777,2024-11-17,132926.04208714288
1778,2024-11-18,144245.9684
1779,2024-11-19,151275.61501428572
1780,2024-11-20,158305.26162857143
1781,2024-11-21,165334.90824285714
1782,2024-11-22,172364.55485714288
1783,2024-11-23,179394.2014714286
1784,2024-11-24,186423.8480857143
1785,2024-11-25,193453.4947
1786,2024-11-26,187454.98174285714
1787,2024-11-27,181456.4687857143
1788,2024-11-28,175457.95582857143
1789,2024-11-29,169459.4428714286
1790,2024-11-30,163460.92991428572
1791,2024-12-01,157462.41695714288
1792,2024-12-02,151463.904
1793,2024-12-03,159619.04685714288
1794,2024-12-04,167774.18971428572
1795,2024-12-05,175929.3325714286
1796,2024-12-06,184084.47542857143
1797,2024-12-07,192239.6182857143
1798,2024-12-08,200394.76114285714
1799,2024-12-09,208549.904
1800,2024-12-10,204561.05605714288
1801,2024-12-11,200572.20811428572
1802,2024-12-12,196583.3601714286
1803,2024-12-13,192594.51222857143
1804,2024-12-14,188605.6642857143
1805,2024-12-15,184616.81634285714
1806,2024-12-16,180627.9684
1807,2024-12-17,183992.6841857143
1808,2024-12-18,187357.3999714286
1809,2024-12-19,190722.11575714286
1810,2024-12-20,194086.83154285714
1811,2024-12-21,197451.5473285714
1812,2024-12-22,200816.2631142857
1813,2024-12-23,204180.9789
1814,2024-12-24,199468.2661285714
1815,2024-12-25,194755.55335714284
1816,2024-12-26,190042.84058571426
1817,2024-12-27,185330.12781428572
1818,2024-12-28,180617.41504285714
1819,2024-12-29,175904.70227142857
1820,2024-12-30,171191.9895
1821,2024-12-31,162895.05867142856
1822,2025-01-01,154598.12784285715
1823,2025-01-02,146301.19701428572
1824,2025-01-03,138004.26618571428
1825,2025-01-04,129707.33535714286
1826,2025-01-05,121410.40452857144
1827,2025-01-06,113113.4737
1828,2025-01-07,100436.54888571429
1829,2025-01-08,87759.62407142858
1830,2025-01-09,75082.69925714286
1831,2025-01-10,62405.774442857146
1832,2025-01-11,49728.849628571435
1833,2025-01-12,37051.92481428571
1834,2025-01-13,24375.0
1835,2025-01-14,44423.2628
1836,2025-01-15,64471.5256
1837,2025-01-16,84519.7884
1838,2025-01-17,104568.0512
1839,2025-01-18,124616.314
1840,2025-01-19,144664.5768
1841,2025-01-20,164712.8396
1842,2025-01-21,165654.00235714286
1843,2025-01-22,166595.16511428572
1844,2025-01-23,167536.32787142857
1845,2025-01-24,168477.49062857142
1846,2025-01-25,169418.65338571428
1847,2025-01-26,170359.81614285713
1848,2025-01-27,171300.9789
1849,2025-01-28,171286.3246
1850,2025-01-29,171271.6703
1851,2025-01-30,171257.016
1852,2025-01-31,171242.36169999998
1853,2025-02-01,171227.70739999998
1854,2025-02-02,171213.0531
1855,2025-02-03,171198.3988
1856,2025-02-04,155198.2696485714
1857,2025-02-05,139198.14049714286
1858,2025-02-06,123198.01134571427
1859,2025-02-07,107197.88219428572
1860,2025-02-08,91197.75304285713
1861,2025-02-09,75197.62389142856
1862,2025-02-10,59197.49474
1863,2025-02-11,61820.41185571429
1864,2025-02-12,64443.32897142857
1865,2025-02-13,67066.24608714286
1866,2025-02-14,69689.16320285715
1867,2025-02-15,72312.08031857143
1868,2025-02-16,74934.99743428572
1869,2025-02-17,77557.91455
1870,2025-02-18,93879.85307142857
1871,2025-02-19,110201.79159285715
1872,2025-02-20,126523.73011428572
1873,2025-02-21,142845.66863571428
1874,2025-02-22,159167.60715714286
1875,2025-02-23,175489.54567857145
1876,2025-02-24,191811.4842
1877,2025-02-25,187596.4120142857
1878,2025-02-26,183381.33982857142
1879,2025-02-27,179166.26764285716
1880,2025-02-28,174951.19545714287
1881,2025-03-01,170736.12327142857
1882,2025-03-02,166521.05108571428
1883,2025-03-03,162305.9789
1884,2025-03-04,146573.98041
1885,2025-03-05,130841.98191999999
1886,2025-03-06,115109.98343
1887,2025-03-07,99377.98494
1888,2025-03-08,83645.98645
1889,2025-03-09,67913.98796
1890,2025-03-10,52181.98947
1891,2025-03-11,60482.774431428574
1892,2025-03-12,68783.55939285715
1893,2025-03-13,77084.34435428571
1894,2025-03-14,85385.1293157143
1895,2025-03-15,93685.91427714286
1896,2025-03-16,101986.69923857143
1897,2025-03-17,110287.4842
1898,2025-03-18,116029.1969857143
1899,2025-03-19,121770.90977142857
1900,2025-03-20,127512.62255714287
1901,2025-03-21,133254.33534285714
1902,2025-03-22,138996.04812857142
1903,2025-03-23,144737.76091428573
1904,2025-03-24,150479.4737
1905,2025-03-25,151368.4015142857
1906,2025-03-26,152257.32932857145
1907,2025-03-27,153146.25714285715
1908,2025-03-28,154035.18495714286
1909,2025-03-29,154924.11277142857
1910,2025-03-30,155813.0405857143
1911,2025-03-31,156701.9684
1912,2025-04-01,155762.0405857143
1913,2025-04-02,154822.11277142857
1914,2025-04-03,153882.18495714286
1915,2025-04-04,152942.25714285715
1916,2025-04-05,152002.32932857145
1917,2025-04-06,151062.4015142857
1918,2025-04-07,150122.4737
1919,2025-04-08,134539.76242
1920,2025-04-09,118957.05114
1921,2025-04-10,103374.33986000001
1922,2025-04-11,87791.62857999999
1923,2025-04-12,72208.9173
1924,2025-04-13,56626.20602
1925,2025-04-14,41043.49474
1926,2025-04-15,61022.84962
1927,2025-04-16,81002.20449999999
1928,2025-04-17,100981.55937999999
1929,2025-04-18,120960.91425999999
1930,2025-04-19,140940.26914
1931,2025-04-20,160919.62402
1932,2025-04-21,180898.9789
1933,2025-04-22,179026.62101428572
1934,2025-04-23,177154.26312857142
1935,2025-04-24,175281.90524285714
1936,2025-04-25,173409.54735714284
1937,2025-04-26,171537.18947142857
1938,2025-04-27,169664.83158571427
1939,2025-04-28,167792.4737
