week,IPCI_0,IPCI
2019-12-30,1.5646967929408473,5.646967929408473
2020-01-06,1.9381676433062816,9.381676433062815
2020-01-13,1.6244678454091686,6.2446784540916855
2020-01-20,1.4522422117578642,4.522422117578642
2020-01-27,1.6586913593304606,6.586913593304606
2020-02-03,1.9286894305664455,9.286894305664454
2020-02-10,2.40804365810457,14.080436581045701
2020-02-17,1.4286382533780593,4.286382533780593
2020-02-24,1.7257042388501413,7.2570423885014135
2020-03-02,1.5261400269148098,5.261400269148098
2020-03-09,2.8233723044770302,18.2337230447703
2020-03-16,1.3958310502826214,3.9583105028262144
2020-03-23,1.5660717607767434,5.660717607767434
2020-03-30,1.3984581875651299,3.9845818756512985
2020-04-06,2.8801328905726526,18.80132890572653
2020-04-13,1.4458043307006463,4.458043307006463
2020-04-20,1.695757379592444,6.957573795924441
2020-04-27,1.5313574396506444,5.313574396506445
2020-05-04,1.7467237432268998,7.467237432268998
2020-05-11,2.3086066843693223,13.086066843693223
2020-05-18,1.6201562595539696,6.201562595539696
2020-05-25,1.515343936241733,5.153439362417329
2020-06-01,1.4570638273469627,4.570638273469627
2020-06-08,2.3716175171938927,13.716175171938927
2020-06-15,1.7913684540809856,7.9136845408098555
2020-06-22,1.518304923144128,5.183049231441279
2020-06-29,1.5814941092946917,5.814941092946917
2020-07-06,2.5627080354020273,15.627080354020272
2020-07-13,1.8704420564364441,8.70442056436444
2020-07-20,1.6969730340415148,6.969730340415148
2020-07-27,1.8429745091096033,8.429745091096033
2020-08-03,1.4075206577424884,4.075206577424884
2020-08-10,2.730409919660719,17.30409919660719
2020-08-17,1.761932898186843,7.6193289818684296
2020-08-24,1.8747380690693372,8.747380690693372
2020-08-31,1.567019321122578,5.67019321122578
2020-09-07,2.385202758217403,13.852027582174031
2020-09-14,1.761066065829944,7.610660658299439
2020-09-21,1.9761176743440756,9.761176743440757
2020-09-28,1.680619978779482,6.80619978779482
2020-10-05,1.8516360235916685,8.516360235916684
2020-10-12,2.7820632400374006,17.820632400374006
2020-10-19,2.8360217082131043,18.360217082131044
2020-10-26,3.2938556706249256,22.938556706249255
2020-11-02,1.5906516483913276,5.9065164839132756
2020-11-09,3.0294856893276023,20.294856893276023
2020-11-16,4.131086361866581,31.31086361866581
2020-11-23,4.452413246309741,34.5241324630974
2020-11-30,2.505433752709435,15.054337527094347
2020-12-07,3.291847185230451,22.918471852304513
2020-12-14,5.9884358527778305,49.8843585277783
2020-12-21,6.497631306929883,54.97631306929883
2020-12-28,5.556026817659476,45.56026817659476
2021-01-04,5.573278304933725,45.73278304933724
2021-01-11,5.207105572765555,42.071055727655555
2021-01-18,5.75936866418155,47.5936866418155
2021-01-25,5.375183630971298,43.751836309712985
2021-02-01,6.105159660645057,51.05159660645057
2021-02-08,5.753387354599909,47.533873545999086
2021-02-15,6.488442930998687,54.88442930998687
2021-02-22,6.024914746734665,50.24914746734665
2021-03-01,5.341423787316168,43.414237873161674
2021-03-08,5.069244103584825,40.69244103584825
2021-03-15,5.190311113806769,41.903111138067686
2021-03-22,5.38601261665442,43.8601261665442
2021-03-29,5.713130675778858,47.13130675778858
2021-04-05,4.933163762571756,39.33163762571756
2021-04-12,4.739977520965633,37.399775209656326
2021-04-19,4.591516377026039,35.91516377026039
2021-04-26,5.013437515742398,40.134375157423975
2021-05-03,5.080358775233659,40.80358775233659
2021-05-10,4.458911454751949,34.589114547519486
2021-05-17,4.677963619377247,36.779636193772475
2021-05-24,4.468619425987296,34.686194259872956
2021-05-31,5.446170225048316,44.461702250483164
2021-06-07,4.583539360725672,35.83539360725672
2021-06-14,3.379938927664491,23.79938927664491
2021-06-21,3.3532456822533834,23.532456822533835
2021-06-28,5.5928016615817,45.928016615817
2021-07-05,4.042341826391257,30.423418263912573
2021-07-12,3.8552133132355837,28.552133132355838
2021-07-19,5.742430545529151,47.42430545529152
2021-07-26,5.446331065772077,44.463310657720776
2021-08-02,5.126703017644208,41.26703017644208
2021-08-09,5.750783379987654,47.507833799876536
2021-08-16,6.317934623942284,53.17934623942284
2021-08-23,5.560017478000194,45.60017478000194
2021-08-30,4.876788038983599,38.76788038983599
2021-09-06,4.302688699705829,33.02688699705829
2021-09-13,5.299935360642943,42.99935360642942
2021-09-20,5.796540786024844,47.96540786024843
2021-09-27,5.627731612699246,46.27731612699246
2021-10-04,4.894892060121044,38.94892060121044
2021-10-11,5.3685859762591175,43.68585976259118
2021-10-18,5.065994265622987,40.659942656229866
2021-10-25,4.2946010076818375,32.946010076818375
2021-11-01,5.821433036126185,48.214330361261844
2021-11-08,4.370354039884015,33.70354039884015
2021-11-15,4.765818955832626,37.65818955832626
2021-11-22,4.2793055986947515,32.793055986947515
2021-11-29,4.693628132135834,36.936281321358344
2021-12-06,5.255135566932074,42.55135566932074
2021-12-13,2.663324011149639,16.633240111496388
2021-12-20,3.2600939563497753,22.600939563497754
2021-12-27,3.1777424499824223,21.77742449982422
2022-01-03,2.325592643337653,13.255926433376528
2022-01-10,2.117136635360569,11.17136635360569
2022-01-17,2.5667170858860726,15.667170858860725
2022-01-24,2.4381507748188724,14.381507748188724
2022-01-31,2.6915315837400082,16.915315837400083
2022-02-07,2.137861441685577,11.37861441685577
2022-02-14,2.8913469308683553,18.913469308683553
2022-02-21,2.2368735482850255,12.368735482850255
2022-02-28,2.3108147341174687,13.108147341174687
2022-03-07,2.302166831327707,13.021668313277068
2022-03-14,2.232606724809174,12.326067248091741
2022-03-21,2.9431628441537936,19.431628441537935
2022-03-28,2.5182390313329948,15.182390313329947
2022-04-04,2.4490707993511407,14.490707993511407
2022-04-11,2.6857994981923268,16.85799498192327
2022-04-18,2.48151123940546,14.815112394054601
2022-04-25,2.4697872504965837,14.697872504965837
2022-05-02,2.0805528478617994,10.805528478617994
2022-05-09,2.2456629607172767,12.456629607172767
2022-05-16,2.8878891490135237,18.87889149013524
2022-05-23,2.2669869838358676,12.669869838358675
2022-05-30,2.612367891790644,16.12367891790644
2022-06-06,2.0622505014822896,10.622505014822895
2022-06-13,2.541719129241159,15.41719129241159
2022-06-20,2.565756795547636,15.657567955476361
2022-06-27,2.3853996916905404,13.853996916905405
2022-07-04,2.3078523481287148,13.078523481287148
2022-07-11,2.430123912037401,14.301239120374012
2022-07-18,2.1917733460686812,11.917733460686811
2022-07-25,2.4582331433518823,14.582331433518823
2022-08-01,2.603591459660742,16.03591459660742
2022-08-08,1.9032496863601276,9.032496863601276
2022-08-15,2.218823177581681,12.18823177581681
2022-08-22,2.3093991518192074,13.093991518192073
2022-08-29,2.952871792732768,19.52871792732768
2022-09-05,2.0950333881756427,10.950333881756427
2022-09-12,1.972578000795267,9.725780007952668
2022-09-19,1.7472397782716813,7.472397782716813
2022-09-26,2.094212288943632,10.94212288943632
2022-10-03,2.775817254552221,17.75817254552221
2022-10-10,2.124325896495032,11.243258964950318
2022-10-17,1.931581534174465,9.315815341744651
2022-10-24,1.6914122188960592,6.914122188960592
2022-10-31,2.1447874872537223,11.447874872537223
2022-11-07,2.1005118441849313,11.005118441849312
2022-11-14,1.7944720423443798,7.9447204234437985
2022-11-21,1.7726627617682018,7.726627617682018
2022-11-28,2.231753196546108,12.317531965461082
2022-12-05,2.3300236521858717,13.300236521858718
2022-12-12,1.7118358840269758,7.118358840269758
2022-12-19,1.9239496207368059,9.23949620736806
2022-12-26,1.8655716542871712,8.655716542871712
2023-01-02,2.220481943140139,12.204819431401388
2023-01-09,1.8379446930818442,8.379446930818442
2023-01-16,1.9035797591730592,9.035797591730592
2023-01-23,1.9087255277851571,9.087255277851572
2023-01-30,1.8609203014051237,8.609203014051236
2023-02-06,2.04356641612,10.4356641612
2023-02-13,1.940875221753706,9.40875221753706
2023-02-20,1.8306115096768676,8.306115096768675
2023-02-27,1.817526119925352,8.175261199253521
2023-03-06,1.9272239890154337,9.272239890154337
2023-03-13,1.8399589227861388,8.399589227861387
2023-03-20,1.6847824850225852,6.847824850225852
2023-03-27,1.9013130926674426,9.013130926674426
2023-04-03,2.006705539790419,10.067055397904191
2023-04-10,1.9396341209753363,9.396341209753363
2023-04-17,1.784249758649057,7.8424975864905715
2023-04-24,1.7978941335574765,7.978941335574765
2023-05-01,1.810244219103716,8.10244219103716
2023-05-08,1.8536582456035342,8.536582456035342
2023-05-15,1.7270157704212459,7.270157704212458
2023-05-22,1.6593070601934048,6.593070601934048
2023-05-29,1.865253249704113,8.652532497041129
2023-06-05,1.798538015211073,7.98538015211073
2023-06-12,1.8010521911395139,8.010521911395138
2023-06-19,1.8756928735270537,8.756928735270538
2023-06-26,1.6941994165868914,6.941994165868914
2023-07-03,1.9076439481340342,9.07643948134034
2023-07-10,1.7617161510718704,7.617161510718704
2023-07-17,1.7918384173217383,7.918384173217383
2023-07-24,1.931735433251713,9.31735433251713
2023-07-31,1.756108057077423,7.56108057077423
2023-08-07,1.7041776169265728,7.041776169265727
2023-08-14,1.972065428017168,9.720654280171681
2023-08-21,1.860873625526715,8.60873625526715
2023-08-28,1.9183476618947677,9.183476618947676
2023-09-04,1.9367867244643708,9.367867244643708
2023-09-11,1.8196625986678925,8.196625986678924
2023-09-18,1.8242385890184618,8.242385890184618
2023-09-25,1.7877712223766196,7.877712223766196
2023-10-02,2.067704246668655,10.677042466686547
2023-10-09,1.8015701567605427,8.015701567605426
2023-10-16,2.0280836348326865,10.280836348326865
2023-10-23,1.73998795029099,7.399879502909901
2023-10-30,1.8825151975695273,8.825151975695274
2023-11-06,1.7558089845685976,7.558089845685975
2023-11-13,1.8745776053327425,8.745776053327425
2023-11-20,2.0230368765956896,10.230368765956896
2023-11-27,2.088518522883739,10.88518522883739
2023-12-04,1.7622983943525643,7.622983943525643
2023-12-11,1.800333142314816,8.00333142314816
2023-12-18,1.9577572834167625,9.577572834167626
2023-12-25,1.910170896749384,9.10170896749384
2024-01-01,1.9484746844566097,9.484746844566097
2024-01-08,1.9566264235413473,9.566264235413474
2024-01-15,1.863987304783612,8.639873047836119
2024-01-22,1.8424715729679044,8.424715729679043
2024-01-29,1.7267217961276071,7.267217961276071
2024-02-05,1.9981491665508462,9.981491665508461
2024-02-12,2.011670189101863,10.116701891018632
2024-02-19,1.7412485996218945,7.412485996218945
2024-02-26,2.07380221892495,10.738022189249499
2024-03-04,1.9439140708122609,9.439140708122608
2024-03-11,1.657764610494671,6.5776461049467105
2024-03-18,1.6461527790315431,6.461527790315431
2024-03-25,1.6999695677190831,6.999695677190831
2024-04-01,1.7162388439407006,7.162388439407006
2024-04-08,1.9457590720620617,9.457590720620617
2024-04-15,1.6535989508838997,6.535989508838997
2024-04-22,2.0276142520174254,10.276142520174254
2024-04-29,1.6052153126439999,6.052153126439999
2024-05-06,1.7015717716081615,7.015717716081616
2024-05-13,1.711982863213481,7.11982863213481
2024-05-20,1.8703499727840351,8.703499727840352
2024-05-27,1.7706224755862157,7.706224755862157
2024-06-03,1.9917731178981848,9.917731178981848
2024-06-10,1.8404372531429023,8.404372531429022
2024-06-17,1.8873186173849712,8.873186173849712
2024-06-24,1.8440767356106265,8.440767356106264
2024-07-01,1.8893058862478866,8.893058862478867
2024-07-08,1.8844757192731252,8.844757192731251
2024-07-15,1.8947309170420996,8.947309170420997
2024-07-22,1.8899307941116752,8.899307941116753
2024-07-29,1.8497363227908514,8.497363227908515
2024-08-05,1.87149517192695,8.7149517192695
2024-08-12,2.1058831651428145,11.058831651428145
2024-08-19,2.0704065671542824,10.704065671542825
2024-08-26,1.7011817121554564,7.011817121554564
2024-09-02,1.6487936052424086,6.487936052424086
2024-09-09,2.1940676444762492,11.940676444762492
2024-09-16,1.872094511488649,8.72094511488649
2024-09-23,2.2966292829290977,12.966292829290978
2024-09-30,1.8424334233037416,8.424334233037417
2024-10-07,2.023959885669853,10.239598856698532
2024-10-14,1.7698697683407034,7.698697683407034
2024-10-21,1.9305596540144827,9.305596540144826
2024-10-28,1.865639775015142,8.65639775015142
2024-11-04,1.922324932419573,9.22324932419573
2024-11-11,1.9056801432483597,9.056801432483596
2024-11-18,1.85393417330955,8.539341733095501
2024-11-25,1.9570304933406248,9.570304933406248
2024-12-02,1.6784710524920614,6.784710524920614
2024-12-09,1.7423120314039942,7.4231203140399415
2024-12-16,1.7368506491897888,7.368506491897888
2024-12-23,1.9070493192212825,9.070493192212826
2024-12-30,1.5841798211718454,5.841798211718454
2025-01-06,1.3608813195162754,3.6088131951627545
2025-01-13,1.4596947456835394,4.5969474568353945
2025-01-20,1.3517451043273678,3.5174510432736783
2025-01-27,1.3299917741995637,3.299917741995637
2025-02-03,1.3435331930659278,3.4353319306592778
2025-02-10,1.4154125866948635,4.154125866948634
2025-02-17,1.3420554035155308,3.4205540351553076
2025-02-24,1.4406919405011018,4.406919405011019
2025-03-03,1.2879777244465405,2.8797772444654046
2025-03-10,1.0699145564594827,0.6991455645948275
2025-03-17,1.098639832542465,0.9863983254246489
2025-03-24,1.0972834570149441,0.9728345701494412
2025-03-31,1.574905676427278,5.74905676427278
2025-04-07,1.0140130798002527,0.1401307980025268
2025-04-14,1.2137299244434059,2.137299244434059
2025-04-21,1.2098371764333766,2.0983717643337663
2025-04-28,1.4229267897721352,4.229267897721352
2025-05-05,1.3676018042981564,3.6760180429815636
2025-05-12,1.1457478836426678,1.4574788364266777
2025-05-19,0.9971341255373375,0.0
2025-05-26,1.1572267031650643,1.5722670316506426
2025-06-02,1.2813102235344924,2.813102235344924
2025-06-09,1.2728400164645706,2.7284001646457057
2025-06-16,1.3563589422047155,3.5635894220471553
2025-06-23,1.2113271088187352,2.1132710881873518
2025-06-30,1.285967705034974,2.8596770503497404
2025-07-07,1.02857774464199,0.2857774464198992
2025-07-14,0.0,0.0
2025-07-28,1.8045983212995165,8.045983212995164
2025-08-04,1.2368595302563477,2.3685953025634765
2025-09-01,1.4015010555162148,4.015010555162148
2025-09-29,1.3482529658799598,3.482529658799598
2025-10-06,1.0766459147820293,0.7664591478202931
2025-10-27,1.2293343727795063,2.293343727795063
2025-11-03,0.8853540836057977,0.0
2025-12-01,0.9691682528766499,0.0
