leg_end_port_code,date,weighted_teu
USLSA,2020/1/6,280454.1488
USLSA,2020/1/13,789097.6329
USLSA,2020/1/20,432055.02
USLSA,2020/1/27,403820.0083
USLSA,2020/2/3,578131.1175
USLSA,2020/2/10,501891.3458
USLSA,2020/2/17,549766.3246
USLSA,2020/2/24,200941.6538
USLSA,2020/3/2,337044.8542
USLSA,2020/3/9,506823.3904
USLSA,2020/3/16,405836.5554
USLSA,2020/3/23,276541.4033
USLSA,2020/3/30,223181.1371
USLSA,2020/4/6,249327.9738
USLSA,2020/4/13,357324.1296
USLSA,2020/4/20,447054.7042
USLSA,2020/4/27,897965.3858
USLSA,2020/5/4,528567.2292
USLSA,2020/5/11,911110.2933
USLSA,2020/5/18,323395.9746
USLSA,2020/5/25,255864.7496
USLSA,2020/6/1,338326.4558
USLSA,2020/6/8,469031.6896
USLSA,2020/6/15,871295.6946
USLSA,2020/6/22,431070.8608
USLSA,2020/6/29,432888.2183
USLSA,2020/7/6,542719.5425
USLSA,2020/7/13,753208.3704
USLSA,2020/7/20,429367.9596
USLSA,2020/7/27,568070.6983
USLSA,2020/8/3,374587.1121
USLSA,2020/8/10,326054.3275
USLSA,2020/8/17,705964.6846
USLSA,2020/8/24,696951.06
USLSA,2020/8/31,754905.05
USLSA,2020/9/7,451436.6329
USLSA,2020/9/14,418166.9383
USLSA,2020/9/21,609244.0388
USLSA,2020/9/28,579521.7125
USLSA,2020/10/5,442506.0479
USLSA,2020/10/12,672127.3979
USLSA,2020/10/19,755842.8713
USLSA,2020/10/26,886844.8038
USLSA,2020/11/2,713785.3021
USLSA,2020/11/9,305738.9742
USLSA,2020/11/16,689643.7471
USLSA,2020/11/23,1371676.139
USLSA,2020/11/30,542415.2671
USLSA,2020/12/7,573510.9813
USLSA,2020/12/14,1165692.203
USLSA,2020/12/21,703325.7113
USLSA,2020/12/28,1298322.805
USLSA,2021/1/4,625217.1283
USLSA,2021/1/11,1175569.365
USLSA,2021/1/18,1224223.02
USLSA,2021/1/25,855576.7483
USLSA,2021/2/1,1119502.405
USLSA,2021/2/8,1484787.31
USLSA,2021/2/15,1376110.775
USLSA,2021/2/22,949188.9671
USLSA,2021/3/1,755048.0738
USLSA,2021/3/8,1134946.51
USLSA,2021/3/15,630107.1763
USLSA,2021/3/22,838314.4388
USLSA,2021/3/29,974715.7504
USLSA,2021/4/5,1198755.288
USLSA,2021/4/12,765483.0433
USLSA,2021/4/19,825818.615
USLSA,2021/4/26,986486.3842
USLSA,2021/5/3,1904876.838
USLSA,2021/5/10,724438.8279
USLSA,2021/5/17,642304.38
USLSA,2021/5/24,801488.19
USLSA,2021/5/31,1057438.96
USLSA,2021/6/7,727916.3
USLSA,2021/6/14,1193156.985
USLSA,2021/6/21,914337.1821
USLSA,2021/6/28,856824.5513
USLSA,2021/7/5,896954.3183
USLSA,2021/7/12,836042.0808
USLSA,2021/7/19,1258910.011
USLSA,2021/7/26,961225.5988
USLSA,2021/8/2,542461.4996
USLSA,2021/8/9,1140820.569
USLSA,2021/8/16,719913.7337
USLSA,2021/8/23,977478.5525
USLSA,2021/8/30,839367.7988
USLSA,2021/9/6,544115.3246
USLSA,2021/9/13,747587.6338
USLSA,2021/9/20,885265.4458
USLSA,2021/9/27,843156.065
USLSA,2021/10/4,1070683.704
USLSA,2021/10/11,1063965.144
USLSA,2021/10/18,777605.8758
USLSA,2021/10/25,1081884.125
USLSA,2021/11/1,1108768.585
USLSA,2021/11/8,903845.05
USLSA,2021/11/15,1670290.31
USLSA,2021/11/22,1450863.208
USLSA,2021/11/29,620634.125
USLSA,2021/12/6,931145.3133
USLSA,2021/12/13,867046.4888
USLSA,2021/12/20,1177262.912
USLSA,2021/12/27,1135804.342
USLSA,2022/1/3,1063527.405
USLSA,2022/1/10,489251.2304
USLSA,2022/1/17,804805.7925
USLSA,2022/1/24,872884.13
USLSA,2022/1/31,810102.0046
USLSA,2022/2/7,1099251.163
USLSA,2022/2/14,479456.5846
USLSA,2022/2/21,923869.1817
USLSA,2022/2/28,951902.3588
USLSA,2022/3/7,1273241.896
USLSA,2022/3/14,608499.0892
USLSA,2022/3/21,850584.5175
USLSA,2022/3/28,1026553.517
USLSA,2022/4/4,1537884.847
USLSA,2022/4/11,860404.0292
USLSA,2022/4/18,982127.0738
USLSA,2022/4/25,1015002.542
USLSA,2022/5/2,785485.6033
USLSA,2022/5/9,409576.9529
USLSA,2022/5/16,912635.7479
USLSA,2022/5/23,862458.0788
USLSA,2022/5/30,1012316.197
USLSA,2022/6/6,622127.6392
USLSA,2022/6/13,524063.2233
USLSA,2022/6/20,1128412.924
USLSA,2022/6/27,822879.9504
USLSA,2022/7/4,826494.3792
USLSA,2022/7/11,1124772.254
USLSA,2022/7/18,877365.3433
USLSA,2022/7/25,897634.8092
USLSA,2022/8/1,1259364.434
USLSA,2022/8/8,762394.1254
USLSA,2022/8/15,516700.2575
USLSA,2022/8/22,1019179.382
USLSA,2022/8/29,903637.1621
USLSA,2022/9/5,1076085.832
USLSA,2022/9/12,871736.2958
USLSA,2022/9/19,556158.0375
USLSA,2022/9/26,560125.865
USLSA,2022/10/3,830265.6383
USLSA,2022/10/10,1064037.72
USLSA,2022/10/17,382118.1142
USLSA,2022/10/24,570915.9746
USLSA,2022/10/31,495852.2879
USLSA,2022/11/7,1050188.495
USLSA,2022/11/14,804244.4638
USLSA,2022/11/21,578848.6713
USLSA,2022/11/28,289856.9296
USLSA,2022/12/5,1015652.96
USLSA,2022/12/12,889858.1271
USLSA,2022/12/19,593840.46
USLSA,2022/12/26,576078.2958
USLSA,2023/1/2,512382.5621
USLSA,2023/1/9,797304.3517
USLSA,2023/1/16,498217.6408
USLSA,2023/1/23,708956.6842
USLSA,2023/1/30,704997.5246
USLSA,2023/2/6,926011.7496
USLSA,2023/2/13,351602.2675
USLSA,2023/2/20,530174.8013
USLSA,2023/2/27,328253.3813
USLSA,2023/3/6,558754.5133
USLSA,2023/3/13,597542.3529
USLSA,2023/3/20,558532.0188
USLSA,2023/3/27,288232.0067
USLSA,2023/4/3,570612.0879
USLSA,2023/4/10,505164.2533
USLSA,2023/4/17,764967.9371
USLSA,2023/4/24,554783.2575
USLSA,2023/5/1,353819.2583
USLSA,2023/5/8,716630.3163
USLSA,2023/5/15,538942.0021
USLSA,2023/5/22,528676.3075
USLSA,2023/5/29,625374.0779
USLSA,2023/6/5,625391.3792
USLSA,2023/6/12,639292.3804
USLSA,2023/6/19,808029.4458
USLSA,2023/6/26,678576.4308
USLSA,2023/7/3,739294.0471
USLSA,2023/7/10,724491.1888
USLSA,2023/7/17,522612.9179
USLSA,2023/7/24,675213.4192
USLSA,2023/7/31,495165.7767
USLSA,2023/8/7,336646.9771
USLSA,2023/8/14,555668.5796
USLSA,2023/8/21,847051.6079
USLSA,2023/8/28,539582.8883
USLSA,2023/9/4,844828.0804
USLSA,2023/9/11,746261.7192
USLSA,2023/9/18,465807.4721
USLSA,2023/9/25,664457.895
USLSA,2023/10/2,682451.8971
USLSA,2023/10/9,501218.8533
USLSA,2023/10/16,442468.685
USLSA,2023/10/23,519430.0921
USLSA,2023/10/30,365261.2621
USLSA,2023/11/6,504494.7021
USLSA,2023/11/13,502994.0721
USLSA,2023/11/20,728424.7475
USLSA,2023/11/27,724923.3558
USLSA,2023/12/4,754968.8317
USLSA,2023/12/11,552327.8317
USLSA,2023/12/18,607300.7246
USLSA,2023/12/25,549219.1025
USLSA,2024/1/1,515051.5992
USLSA,2024/1/8,769846.3775
USLSA,2024/1/15,825515.0571
USLSA,2024/1/22,616683.2633
USLSA,2024/1/29,622118.9663
USLSA,2024/2/5,790535.1475
USLSA,2024/2/12,714737.4529
USLSA,2024/2/19,653959.305
USLSA,2024/2/26,632778.4379
USLSA,2024/3/4,661995.8317
USLSA,2024/3/11,686639.8571
USLSA,2024/3/18,405063.5108
USLSA,2024/3/25,344865.4408
USLSA,2024/4/1,820111.3563
USLSA,2024/4/8,450232.9708
USLSA,2024/4/15,477442.9067
USLSA,2024/4/22,560586.6067
USLSA,2024/4/29,521789.7513
USLSA,2024/5/6,450102.5929
USLSA,2024/5/13,705612.9037
USLSA,2024/5/20,398454.0817
USLSA,2024/5/27,498884.5525
USLSA,2024/6/3,757931.2333
USLSA,2024/6/10,916623.2175
USLSA,2024/6/17,742896.7517
USLSA,2024/6/24,448539.165
USLSA,2024/7/1,679988.4038
USLSA,2024/7/8,430839.1113
USLSA,2024/7/15,465357.1425
USLSA,2024/7/22,838192.0117
USLSA,2024/7/29,941201.5454
USLSA,2024/8/5,516551.1208
USLSA,2024/8/12,665753.5258
USLSA,2024/8/19,803491.5021
USLSA,2024/8/26,899940.0429
USLSA,2024/9/2,926905.4038
USLSA,2024/9/9,491100.5833
USLSA,2024/9/16,830116.9479
USLSA,2024/9/23,782033.7342
USLSA,2024/9/30,906557.8633
USLSA,2024/10/7,692357.8829
USLSA,2024/10/14,861505.9629
USLSA,2024/10/21,893258.3896
USLSA,2024/10/28,609337.5167
USLSA,2024/11/4,550632.58
USLSA,2024/11/11,263970.5604
USLSA,2024/11/18,461638.1988
USLSA,2024/11/25,933387.4383
USLSA,2024/12/2,731008.5213
USLSA,2024/12/9,698647.1496
USLSA,2024/12/16,728487.4267
USLSA,2024/12/23,906764.0254
USLSA,2024/12/30,865904.4579
USLSA,2025/1/6,515175.2854
USLSA,2025/1/13,137474.4775
USLSA,2025/1/20,710759.1233
USLSA,2025/1/27,676380.5529
USLSA,2025/2/3,645446.3479
USLSA,2025/2/10,284642.1642
USLSA,2025/2/17,323734.4879
USLSA,2025/2/24,842469.1946
USLSA,2025/3/3,696157.1038
USLSA,2025/3/10,141670.1058
USLSA,2025/3/17,345552.6592
USLSA,2025/3/24,546354.6783
USLSA,2025/3/31,650251.4713
USLSA,2025/4/7,577305.7329
USLSA,2025/4/14,182312.6692
USLSA,2025/4/21,702372.6217
USLSA,2025/4/28,739553.0442
USLSA,2025/5/5,674142.7313
USLSA,2025/5/12,70548.20667
USLSA,2025/5/19,616273.1729
USLSA,2025/5/26,628376.8738
USLSA,2025/6/2,601650.6696
USNYK,2020/1/13,519811.1938
USNYK,2020/1/20,349465.5096
USNYK,2020/1/27,336991.1292
USNYK,2020/2/3,434636.1958
USNYK,2020/2/10,378216.3246
USNYK,2020/2/17,386368.2479
USNYK,2020/2/24,329885.5683
USNYK,2020/3/2,326026.9542
USNYK,2020/3/9,369022.1321
USNYK,2020/3/16,247668.7767
USNYK,2020/3/23,312100.985
USNYK,2020/3/30,308858.7971
USNYK,2020/4/6,367242.1296
USNYK,2020/4/13,343537.7583
USNYK,2020/4/20,383768.9604
USNYK,2020/4/27,376624.4946
USNYK,2020/5/4,409382.4067
USNYK,2020/5/11,300409.0242
USNYK,2020/5/18,382212.2025
USNYK,2020/5/25,296459.7454
USNYK,2020/6/1,356887.965
USNYK,2020/6/8,360151.8504
USNYK,2020/6/15,510629.5963
USNYK,2020/6/22,320846.9625
USNYK,2020/6/29,616282.6417
USNYK,2020/7/6,432867.6617
USNYK,2020/7/13,418229.6429
USNYK,2020/7/20,313592.2654
USNYK,2020/7/27,496485.7113
USNYK,2020/8/3,392704.4046
USNYK,2020/8/10,390848.4988
USNYK,2020/8/17,440057.1458
USNYK,2020/8/24,466780.5513
USNYK,2020/8/31,410381.8296
USNYK,2020/9/7,296426.3871
USNYK,2020/9/14,698391.1629
USNYK,2020/9/21,420702.645
USNYK,2020/9/28,609198.0846
USNYK,2020/10/5,586614.1054
USNYK,2020/10/12,451352.0854
USNYK,2020/10/19,488217.9946
USNYK,2020/10/26,545947.1517
USNYK,2020/11/2,478839.8908
USNYK,2020/11/9,553894.0417
USNYK,2020/11/16,446119.9021
USNYK,2020/11/23,525852.5258
USNYK,2020/11/30,608050.1563
USNYK,2020/12/7,360377.5283
USNYK,2020/12/14,648508.49
USNYK,2020/12/21,587502.1783
USNYK,2020/12/28,577713.9796
USNYK,2021/1/4,601908.6821
USNYK,2021/1/11,486421.9396
USNYK,2021/1/18,721012.2733
USNYK,2021/1/25,411044.94
USNYK,2021/2/1,766172.5546
USNYK,2021/2/8,444382.1096
USNYK,2021/2/15,502075.7571
USNYK,2021/2/22,577705.0092
USNYK,2021/3/1,495688.1946
USNYK,2021/3/8,816967.8842
USNYK,2021/3/15,457912.8413
USNYK,2021/3/22,496525.3
USNYK,2021/3/29,632240.8954
USNYK,2021/4/5,373194.395
USNYK,2021/4/12,435417.1038
USNYK,2021/4/19,525125.6425
USNYK,2021/4/26,501082.0667
USNYK,2021/5/3,510967.7263
USNYK,2021/5/10,568208.4683
USNYK,2021/5/17,538647.5292
USNYK,2021/5/24,535426.9004
USNYK,2021/5/31,481001.1808
USNYK,2021/6/7,808083.5333
USNYK,2021/6/14,700354.6442
USNYK,2021/6/21,505769.0408
USNYK,2021/6/28,620511.7783
USNYK,2021/7/5,558270.0829
USNYK,2021/7/12,593901.4879
USNYK,2021/7/19,547194.48
USNYK,2021/7/26,663699.4142
USNYK,2021/8/2,511576.8858
USNYK,2021/8/9,601665.8317
USNYK,2021/8/16,605135.7012
USNYK,2021/8/23,524423.2292
USNYK,2021/8/30,591109.2942
USNYK,2021/9/6,603644.0458
USNYK,2021/9/13,567369.3821
USNYK,2021/9/20,635402.7583
USNYK,2021/9/27,474928.4625
USNYK,2021/10/4,510636.4867
USNYK,2021/10/11,721269.5425
USNYK,2021/10/18,463313.6021
USNYK,2021/10/25,579577.3692
USNYK,2021/11/1,521926.4246
USNYK,2021/11/8,422481.0275
USNYK,2021/11/15,393594.2738
USNYK,2021/11/22,572159.1625
USNYK,2021/11/29,492564.0138
USNYK,2021/12/6,653437.3429
USNYK,2021/12/13,598191.2396
USNYK,2021/12/20,622536.92
USNYK,2021/12/27,551968.8258
USNYK,2022/1/3,813124.5975
USNYK,2022/1/10,653444.4533
USNYK,2022/1/17,596727.7533
USNYK,2022/1/24,673658.74
USNYK,2022/1/31,591375.5325
USNYK,2022/2/7,233007.7475
USNYK,2022/2/14,713903.5042
USNYK,2022/2/21,623598.3358
USNYK,2022/2/28,504062.3642
USNYK,2022/3/7,703691.1567
USNYK,2022/3/14,622814.955
USNYK,2022/3/21,515612.8925
USNYK,2022/3/28,608630.1929
USNYK,2022/4/4,796092.1883
USNYK,2022/4/11,777871.4867
USNYK,2022/4/18,692028.7717
USNYK,2022/4/25,597496.3717
USNYK,2022/5/2,738945.2433
USNYK,2022/5/9,510655.2946
USNYK,2022/5/16,567493.575
USNYK,2022/5/23,581643.0183
USNYK,2022/5/30,644362.5225
USNYK,2022/6/6,605098.2667
USNYK,2022/6/13,726549.2088
USNYK,2022/6/20,648040.9233
USNYK,2022/6/27,745371.3296
USNYK,2022/7/4,489555.5688
USNYK,2022/7/11,681528.2033
USNYK,2022/7/18,599892.2742
USNYK,2022/7/25,684839.9438
USNYK,2022/8/1,636008.0871
USNYK,2022/8/8,416516.7625
USNYK,2022/8/15,682287.9438
USNYK,2022/8/22,507108.1837
USNYK,2022/8/29,664273.9408
USNYK,2022/9/5,736162.3988
USNYK,2022/9/12,450006.8546
USNYK,2022/9/19,717035.7421
USNYK,2022/9/26,671058.9858
USNYK,2022/10/3,806083.6638
USNYK,2022/10/10,637930.7658
USNYK,2022/10/17,575480.6375
USNYK,2022/10/24,663509.3933
USNYK,2022/10/31,535959.4588
USNYK,2022/11/7,514234.2362
USNYK,2022/11/14,603475.0825
USNYK,2022/11/21,620877.1608
USNYK,2022/11/28,434256.8038
USNYK,2022/12/5,804357.9104
USNYK,2022/12/12,610443.3392
USNYK,2022/12/19,461473.1088
USNYK,2022/12/26,515836.0229
USNYK,2023/1/2,494004.0467
USNYK,2023/1/9,364647.8092
USNYK,2023/1/16,444109.6842
USNYK,2023/1/23,427526.3363
USNYK,2023/1/30,461066.9233
USNYK,2023/2/6,294617.8196
USNYK,2023/2/13,476518.5479
USNYK,2023/2/20,434934.4317
USNYK,2023/2/27,410143.3175
USNYK,2023/3/6,649332.315
USNYK,2023/3/13,451455.9067
USNYK,2023/3/20,428804.2371
USNYK,2023/3/27,390098.4337
USNYK,2023/4/3,472973.0592
USNYK,2023/4/10,393238.7346
USNYK,2023/4/17,452230.1529
USNYK,2023/4/24,494818.4575
USNYK,2023/5/1,751003.9021
USNYK,2023/5/8,329502.7583
USNYK,2023/5/15,502755.0588
USNYK,2023/5/22,443823.865
USNYK,2023/5/29,451366.0125
USNYK,2023/6/5,383262.0396
USNYK,2023/6/12,545326.1496
USNYK,2023/6/19,468875.5383
USNYK,2023/6/26,547779.5279
USNYK,2023/7/3,444851.1967
USNYK,2023/7/10,723790.0483
USNYK,2023/7/17,503571.1867
USNYK,2023/7/24,490895.2992
USNYK,2023/7/31,582807.9083
USNYK,2023/8/7,449213.3233
USNYK,2023/8/14,486321.1171
USNYK,2023/8/21,472260.78
USNYK,2023/8/28,328913.5563
USNYK,2023/9/4,435061.9858
USNYK,2023/9/11,474194.3546
USNYK,2023/9/18,458350.0092
USNYK,2023/9/25,583939.5396
USNYK,2023/10/2,545599.6308
USNYK,2023/10/9,468474.0508
USNYK,2023/10/16,551420.3233
USNYK,2023/10/23,548358.6029
USNYK,2023/10/30,526688.0096
USNYK,2023/11/6,306814.8692
USNYK,2023/11/13,340245.5233
USNYK,2023/11/20,351198.1108
USNYK,2023/11/27,499127.3129
USNYK,2023/12/4,544711.2983
USNYK,2023/12/11,492873.8004
USNYK,2023/12/18,488704.4833
USNYK,2023/12/25,403703.3958
USNYK,2024/1/1,624995.3638
USNYK,2024/1/8,554425.7163
USNYK,2024/1/15,331665.1158
USNYK,2024/1/22,657972.8871
USNYK,2024/1/29,548222.1417
USNYK,2024/2/5,476242.0975
USNYK,2024/2/12,349046.3979
USNYK,2024/2/19,491764.8583
USNYK,2024/2/26,487777.3363
USNYK,2024/3/4,492215.2863
USNYK,2024/3/11,577653.225
USNYK,2024/3/18,402897.9046
USNYK,2024/3/25,702683.4521
USNYK,2024/4/1,429218.5379
USNYK,2024/4/8,554128.3038
USNYK,2024/4/15,485462.2079
USNYK,2024/4/22,472576.1104
USNYK,2024/4/29,515899.9892
USNYK,2024/5/6,692241.2625
USNYK,2024/5/13,528771.3992
USNYK,2024/5/20,594581.5746
USNYK,2024/5/27,536373.7646
USNYK,2024/6/3,531200.2396
USNYK,2024/6/10,413589.9738
USNYK,2024/6/17,500398.3833
USNYK,2024/6/24,428111.7879
USNYK,2024/7/1,467101.9179
USNYK,2024/7/8,582048.7975
USNYK,2024/7/15,675039.4563
USNYK,2024/7/22,588826.6983
USNYK,2024/7/29,679496.655
USNYK,2024/8/5,611761.1283
USNYK,2024/8/12,493079.0358
USNYK,2024/8/19,579988.8804
USNYK,2024/8/26,483183.8108
USNYK,2024/9/2,583692.9879
USNYK,2024/9/9,445692.4875
USNYK,2024/9/16,492818.5558
USNYK,2024/9/23,583510.4833
USNYK,2024/9/30,585306.2029
USNYK,2024/10/7,271407.2071
USNYK,2024/10/14,295926.3858
USNYK,2024/10/21,485945.2308
USNYK,2024/10/28,713765.9004
USNYK,2024/11/4,400465.605
USNYK,2024/11/11,544035.7217
USNYK,2024/11/18,557273.4675
USNYK,2024/11/25,449093.1567
USNYK,2024/12/2,518399.3404
USNYK,2024/12/9,605488.63
USNYK,2024/12/16,517052.0642
USNYK,2024/12/23,726580.7692
USNYK,2024/12/30,694242.5175
USNYK,2025/1/6,580714.8
USNYK,2025/1/13,133528.425
USNYK,2025/1/20,607725.4413
USNYK,2025/1/27,611441.2333
USNYK,2025/2/3,475217.0108
USNYK,2025/2/10,256706.1904
USNYK,2025/2/17,336039.8296
USNYK,2025/2/24,680125.7496
USNYK,2025/3/3,424956.5692
USNYK,2025/3/10,154741.2779
USNYK,2025/3/17,329276.5804
USNYK,2025/3/24,540405.4108
USNYK,2025/3/31,582100.9504
USNYK,2025/4/7,568817.3908
USNYK,2025/4/14,237103.8137
USNYK,2025/4/21,587398.3929
USNYK,2025/4/28,490453.7738
USNYK,2025/5/5,504094.1067
USNYK,2025/5/12,41455.26917
USNYK,2025/5/19,620676.63
USNYK,2025/5/26,450622.7088
USNYK,2025/6/2,577104.8471
