week,IPCI_0,IPCI
2019/12/30,1.403012517,4.03012517
2020/1/6,1.554343233,5.543432328
2020/1/13,1.243061111,2.430611111
2020/1/20,1.241820178,2.41820178
2020/1/27,1.290703377,2.907033766
2020/2/3,1.307484308,3.074843083
2020/2/10,1.747795699,7.477956989
2020/2/17,1.195743165,1.957431655
2020/2/24,1.390070927,3.900709265
2020/3/2,1.218760265,2.187602649
2020/3/9,1.793732706,7.937327064
2020/3/16,1.154844184,1.548441838
2020/3/23,1.153609674,1.53609674
2020/3/30,1.150271217,1.502712166
2020/4/6,1.888679511,8.886795107
2020/4/13,1.476589134,4.765891344
2020/4/20,1.365625969,3.65625969
2020/4/27,1.249344134,2.493441341
2020/5/4,1.348614753,3.486147526
2020/5/11,1.545906936,5.459069364
2020/5/18,1.151065397,1.510653968
2020/5/25,1.186879433,1.868794326
2020/6/1,1.276422904,2.764229039
2020/6/8,1.610216895,6.10216895
2020/6/15,1.271405912,2.714059123
2020/6/22,1.260595434,2.605954338
2020/6/29,1.255413524,2.554135243
2020/7/6,1.884850687,8.848506873
2020/7/13,1.327656956,3.276569561
2020/7/20,1.305420054,3.054200542
2020/7/27,1.211472165,2.114721649
2020/8/3,1.262306863,2.623068627
2020/8/10,1.955224289,9.552242894
2020/8/17,1.335270034,3.352700337
2020/8/24,1.436118074,4.361180745
2020/8/31,1.33972994,3.397299401
2020/9/7,1.386633745,3.866337449
2020/9/14,1.444240036,4.442400357
2020/9/21,1.530886521,5.308865209
2020/9/28,1.298909213,2.989092127
2020/10/5,1.511590503,5.115905028
2020/10/12,1.770311702,7.703117021
2020/10/19,2.043197582,10.43197582
2020/10/26,1.816410653,8.164106529
2020/11/2,1.342398502,3.423985019
2020/11/9,1.728561174,7.285611742
2020/11/16,2.282239683,12.82239683
2020/11/23,2.639705178,16.39705178
2020/11/30,1.618293561,6.182935606
2020/12/7,1.942929279,9.429292793
2020/12/14,3.260270707,22.60270707
2020/12/21,4.076272404,30.76272404
2020/12/28,3.43189277,24.3189277
2021/1/4,3.224842912,22.24842912
2021/1/11,2.869006184,18.69006184
2021/1/18,3.247788825,22.47788825
2021/1/25,3.618568085,26.18568085
2021/2/1,3.210493379,22.10493379
2021/2/8,3.067008561,20.67008561
2021/2/15,4.069413632,30.69413632
2021/2/22,3.507281054,25.07281054
2021/3/1,2.741526396,17.41526396
2021/3/8,2.688147126,16.88147126
2021/3/15,2.953899621,19.53899621
2021/3/22,2.856550759,18.56550759
2021/3/29,3.816236721,28.16236721
2021/4/5,3.456776988,24.56776988
2021/4/12,2.145885422,11.45885422
2021/4/19,2.518354866,15.18354866
2021/4/26,2.893021264,18.93021264
2021/5/3,2.647837421,16.47837421
2021/5/10,2.408965926,14.08965926
2021/5/17,2.632125257,16.32125257
2021/5/24,2.309159699,13.09159699
2021/5/31,2.618583964,16.18583964
2021/6/7,2.314870266,13.14870266
2021/6/14,2.50942272,15.0942272
2021/6/21,2.312572208,13.12572208
2021/6/28,3.186619355,21.86619355
2021/7/5,2.82396058,18.2396058
2021/7/12,2.411401661,14.11401661
2021/7/19,3.209447843,22.09447843
2021/7/26,2.996581223,19.96581223
2021/8/2,2.436197701,14.36197701
2021/8/9,3.413944881,24.13944881
2021/8/16,3.652222797,26.52222797
2021/8/23,3.051301333,20.51301333
2021/8/30,2.779839357,17.79839357
2021/9/6,2.838001621,18.38001621
2021/9/13,2.966905263,19.66905263
2021/9/20,3.52352,25.2352
2021/9/27,3.327415595,23.27415595
2021/10/4,2.232181505,12.32181505
2021/10/11,3.23273467,22.3273467
2021/10/18,2.472547826,14.72547826
2021/10/25,2.441615357,14.41615357
2021/11/1,2.990614922,19.90614922
2021/11/8,2.951985012,19.51985012
2021/11/15,2.865261554,18.65261554
2021/11/22,2.107362409,11.07362409
2021/11/29,2.694326936,16.94326936
2021/12/6,2.945361172,19.45361172
2021/12/13,2.184497888,11.84497888
2021/12/20,2.715666452,17.15666452
2021/12/27,2.904636948,19.04636948
2022/1/3,2.555084112,15.55084112
2022/1/10,2.090988029,10.90988029
2022/1/17,2.132473313,11.32473313
2022/1/24,2.486030065,14.86030065
2022/1/31,3.065668984,20.65668984
2022/2/7,2.373118942,13.73118942
2022/2/14,2.249895238,12.49895238
2022/2/21,2.750341441,17.50341441
2022/2/28,2.314480337,13.14480337
2022/3/7,2.248413881,12.48413881
2022/3/14,2.152203401,11.52203401
2022/3/21,2.403973827,14.03973827
2022/3/28,2.1258337,11.258337
2022/4/4,2.852833432,18.52833432
2022/4/11,2.692536516,16.92536516
2022/4/18,2.431203922,14.31203922
2022/4/25,2.340233333,13.40233333
2022/5/2,2.58881875,15.8881875
2022/5/9,3.113164174,21.13164174
2022/5/16,2.938845245,19.38845245
2022/5/23,2.908830636,19.08830636
2022/5/30,2.888341321,18.88341321
2022/6/6,2.33312568,13.3312568
2022/6/13,2.992190142,19.92190142
2022/6/20,3.111846475,21.11846475
2022/6/27,2.858364902,18.58364902
2022/7/4,2.283463458,12.83463458
2022/7/11,2.556706794,15.56706794
2022/7/18,3.188444221,21.88444221
2022/7/25,2.719494207,17.19494207
2022/8/1,2.548962462,15.48962462
2022/8/8,2.334782163,13.34782163
2022/8/15,2.675275,16.75275
2022/8/22,2.480282844,14.80282844
2022/8/29,3.146043461,21.46043461
2022/9/5,2.490781514,14.90781514
2022/9/12,2.498372473,14.98372473
2022/9/19,2.51110686,15.1110686
2022/9/26,2.656725789,16.56725789
2022/10/3,3.188048732,21.88048732
2022/10/10,2.324810816,13.24810816
2022/10/17,2.644316384,16.44316384
2022/10/24,1.999083747,9.990837466
2022/10/31,2.555350913,15.55350913
2022/11/7,2.278937316,12.78937316
2022/11/14,1.624211899,6.242118985
2022/11/21,1.539496571,5.394965714
2022/11/28,2.117873823,11.17873823
2022/12/5,2.420168935,14.20168935
2022/12/12,1.592574429,5.925744292
2022/12/19,1.548266667,5.482666667
2022/12/26,1.640659091,6.406590909
2023/1/2,1.539882793,5.398827925
2023/1/9,1.478578866,4.785788665
2023/1/16,1.2552,2.552
2023/1/23,1.494724171,4.947241706
2023/1/30,1.618947922,6.189479224
2023/2/6,1.331774908,3.317749084
2023/2/13,1.309765079,3.097650794
2023/2/20,1.280826779,2.80826779
2023/2/27,1.440693368,4.406933682
2023/3/6,1.500419854,5.004198537
2023/3/13,1.511234141,5.112341414
2023/3/20,1.247369247,2.473692466
2023/3/27,1.409499705,4.09499705
2023/4/3,1.444951447,4.449514465
2023/4/10,1.477986311,4.779863111
2023/4/17,1.467905167,4.679051667
2023/4/24,1.309813793,3.098137931
2023/5/1,1.318044286,3.180442857
2023/5/8,1.416557677,4.16557677
2023/5/15,1.411652486,4.116524862
2023/5/22,1.288151361,2.881513605
2023/5/29,1.402995903,4.029959032
2023/6/5,1.650738185,6.507381851
2023/6/12,1.396351824,3.963518236
2023/6/19,1.42677074,4.267707398
2023/6/26,1.320936718,3.209367182
2023/7/3,1.373415431,3.734154307
2023/7/10,1.445010128,4.450101285
2023/7/17,1.413441773,4.134417732
2023/7/24,1.42791866,4.279186603
2023/7/31,1.390537158,3.905371585
2023/8/7,1.357901069,3.57901069
2023/8/14,1.416968582,4.169685824
2023/8/21,1.330253005,3.302530055
2023/8/28,1.58364557,5.836455696
2023/9/4,1.513781756,5.137817562
2023/9/11,1.289420858,2.894208577
2023/9/18,1.524839966,5.248399664
2023/9/25,1.414134551,4.14134551
2023/10/2,1.60844622,6.084462199
2023/10/9,1.355936881,3.559368814
2023/10/16,1.486545789,4.865457895
2023/10/23,1.406881349,4.068813492
2023/10/30,1.401885038,4.018850379
2023/11/6,1.400517479,4.005174785
2023/11/13,1.362517839,3.625178389
2023/11/20,1.452274775,4.522747748
2023/11/27,1.477142318,4.771423181
2023/12/4,1.319308497,3.193084967
2023/12/11,1.426659487,4.266594872
2023/12/18,1.574643922,5.746439216
2023/12/25,1.499957086,4.999570858
2024/1/1,1.732096833,7.320968333
2024/1/8,1.539004004,5.39004004
2024/1/15,1.379695238,3.796952381
2024/1/22,1.580184314,5.801843137
2024/1/29,1.456890794,4.568907937
2024/2/5,1.950312881,9.50312881
2024/2/12,1.507816138,5.078161383
2024/2/19,1.399940206,3.999402062
2024/2/26,1.590095455,5.900954545
2024/3/4,1.583823122,5.838231224
2024/3/11,1.287062626,2.870626263
2024/3/18,1.484731805,4.847318052
2024/3/25,1.547732755,5.477327553
2024/4/1,1.414087369,4.140873694
2024/4/8,1.713862805,7.138628049
2024/4/15,1.379480584,3.794805842
2024/4/22,1.466128361,4.66128361
2024/4/29,1.500185515,5.001855153
2024/5/6,1.74649164,7.464916402
2024/5/13,1.525662347,5.256623474
2024/5/20,1.430379592,4.303795918
2024/5/27,1.401316007,4.013160066
2024/6/3,1.529502141,5.295021407
2024/6/10,1.598402,5.98402
2024/6/17,1.564436677,5.644366768
2024/6/24,1.423233787,4.232337875
2024/7/1,1.386529389,3.865293886
2024/7/8,1.402817025,4.028170251
2024/7/15,1.596210638,5.962106383
2024/7/22,1.789497377,7.894973765
2024/7/29,1.389853648,3.898536476
2024/8/5,1.579365545,5.793655449
2024/8/12,1.715336267,7.153362673
2024/8/19,1.597377407,5.973774065
2024/8/26,1.687397396,6.873973958
2024/9/2,1.410733701,4.107337006
2024/9/9,1.708960524,7.089605237
2024/9/16,1.607918794,6.079187935
2024/9/23,1.70467619,7.046761905
2024/9/30,1.711115989,7.111159892
2024/10/7,1.498120196,4.981201961
2024/10/14,1.531450653,5.314506527
2024/10/21,1.76984359,7.698435897
2024/10/28,1.400696552,4.006965517
2024/11/4,1.433841641,4.33841641
2024/11/11,1.48247473,4.824747296
2024/11/18,1.490213466,4.902134663
2024/11/25,1.702869238,7.028692378
2024/12/2,1.432320174,4.323201735
2024/12/9,1.537639899,5.37639899
2024/12/16,1.594727681,5.947276808
2024/12/23,1.904087451,9.04087451
2024/12/30,1.284638123,2.846381232
2025/1/6,1.088284058,0.88284058
2025/1/13,1.173197755,1.731977547
2025/1/20,1.355275485,3.55275485
2025/1/27,1.110155426,1.101554264
2025/2/3,0.876260969,0
2025/2/10,0.999139855,0
2025/2/17,0.936266483,0
2025/2/24,1.16389797,1.638979695
2025/3/3,0.71871453,0
2025/3/10,0.782792233,0
2025/3/17,0.836394695,0
2025/3/24,0.788951194,0
2025/3/31,1.19566418,1.956641803
2025/4/7,1.466828019,4.668280193
2025/4/14,0.979124786,0
2025/4/21,0.964642691,0
2025/4/28,0.905754229,0
2025/5/5,0.698392674,0
2025/5/12,0.842330254,0
2025/5/19,0.74110609,0
2025/5/26,0.819106507,0
2025/6/2,0.874762712,0
2025/6/30,0.830756098,0
2025/7/28,1.175870281,1.758702811
2025/8/4,0.640775956,0
2025/9/1,1.081922884,0.81922884
2025/9/29,0.837239683,0
2025/10/6,0,0
2025/10/27,1.310890667,3.108906667
2025/11/3,0.788371121,0
2025/12/1,0.957297567,0
