时间,CCFI
2002.01.04,992
2002.01.11,994.84
2002.01.18,965.67
2002.01.25,1007.89
2002.02.01,992.92
2002.02.08,1015.07
2002.02.15,994.76
2002.02.22,974.45
2002.03.01,934.75
2002.03.08,1003.56
2002.03.15,1013.49
2002.03.22,1001.78
2002.03.29,1016.54
2002.04.05,990.49
2002.04.12,1040.95
2002.04.19,1015.09
2002.04.26,972.32
2002.05.03,976.72
2002.05.10,981.12
2002.05.17,985.52
2002.05.24,976.28
2002.05.31,998.11
2002.06.07,1008.01
2002.06.14,1006.19
2002.06.21,980.6
2002.06.28,983.65
2002.07.05,1001.6
2002.07.12,1026.15
2002.07.19,1028.97
2002.07.26,1032.33
2002.08.02,1033.76
2002.08.09,1018.31
2002.08.16,1044.73
2002.08.23,1024.7
2002.08.30,1012.67
2002.09.06,1037.42
2002.09.13,1089.47
2002.09.20,1044.15
2002.09.27,1028.18
2002.10.04,1069.5
2002.10.11,1110.81
2002.10.18,1062.95
2002.10.25,987.79
2002.11.01,1088.88
2002.11.08,1135.07
2002.11.15,1179.05
2002.11.22,1181.19
2002.11.29,1144.95
2002.12.06,1107.69
2002.12.13,1095.8
2002.12.20,1130.47
2002.12.27,1147.17
2003.01.03,1169.14
2003.01.10,1174.26
2003.01.17,1208.12
2003.01.24,1235
2003.01.31,1202.98
2003.02.07,1170.97
2003.02.14,1138.95
2003.02.21,1143.18
2003.02.28,1090.8
2003.03.07,1065.99
2003.03.14,1134.34
2003.03.21,1110.4
2003.03.28,1110.25
2003.04.04,1116.02
2003.04.11,1055.95
2003.04.18,1091.44
2003.04.25,1114.5
2003.05.02,1092.47
2003.05.09,1063.06
2003.05.16,1033.65
2003.05.23,1219.8
2003.05.30,1354.19
2003.06.06,1327.21
2003.06.13,1275.58
2003.06.20,1349.87
2003.06.27,1347.91
2003.07.04,1314.5
2003.07.11,1319.32
2003.07.18,1353.57
2003.07.25,1311.59
2003.08.01,1338.72
2003.08.08,1329.11
2003.08.15,1332.6
2003.08.22,1358.07
2003.08.29,1317.21
2003.09.05,1322.81
2003.09.12,1338.28
2003.09.19,1313.46
2003.09.26,1336.7
2003.10.03,1306.34
2003.10.10,1306.34
2003.10.17,1248.61
2003.10.24,1238.58
2003.10.31,1263.31
2003.11.07,1245.64
2003.11.14,1237.55
2003.11.21,1229.46
2003.11.28,1260.04
2003.12.05,1315.26
2003.12.12,1315.58
2003.12.19,1262.84
2003.12.26,1268.46
2004.01.02,1274.07
2004.01.09,1291.68
2004.01.16,1238.73
2004.01.23,1268.58
2004.01.30,1292.19
2004.02.06,1259.55
2004.02.13,1193.05
2004.02.20,1327.41
2004.02.27,1211.46
2004.03.05,1298.04
2004.03.12,1292.44
2004.03.19,1250.81
2004.03.26,1234.18
2004.04.02,1239.65
2004.04.09,1285.45
2004.04.16,1262.12
2004.04.23,1266.12
2004.04.30,1238.63
2004.05.07,1238.82
2004.05.14,1253.76
2004.05.21,1240.13
2004.05.28,1283.05
2004.06.04,1299.13
2004.06.11,1308.78
2004.06.18,1291.33
2004.06.25,1320.95
2004.07.02,1332.01
2004.07.09,1315.72
2004.07.16,1325.33
2004.07.23,1296.4
2004.07.30,1298.27
2004.08.06,1305.32
2004.08.13,1314.65
2004.08.20,1304.53
2004.08.27,1296.28
2004.09.03,1325.03
2004.09.10,1326.15
2004.09.17,1318.41
2004.09.24,1328
2004.10.01,1324.21
2004.10.08,1283
2004.10.15,1288
2004.10.22,1310
2004.10.29,1354.76
2004.11.05,1330.37
2004.11.12,1320.97
2004.11.19,1365
2004.11.26,1282.84
2004.12.03,1304
2004.12.10,1290.52
2004.12.17,1283.78
2004.12.24,1298
2004.12.31,1326.38
2005.01.07,1376
2005.01.14,1317
2005.01.21,1317.27
2005.01.28,1274.76
2005.02.04,1361.97
2005.02.11,1328.61
2005.02.18,1303.12
2005.02.25,1176.77
2005.03.04,1240.24
2005.03.11,1335.43
2005.03.18,1350.31
2005.03.25,1253.68
2005.04.01,1318
2005.04.08,1261.9
2005.04.15,1340.56
2005.04.22,1245.79
2005.04.29,1324
2005.05.06,1339.57
2005.05.13,1302.74
2005.05.20,1318.5
2005.05.27,1345.1
2005.06.03,1381.68
2005.06.10,1395
2005.06.17,1341.81
2005.06.24,1345.02
2005.07.01,1324.07
2005.07.08,1358.82
2005.07.15,1373.27
2005.07.22,1385.3
2005.07.29,1352.67
2005.08.05,1363
2005.08.12,1346.95
2005.08.19,1365
2005.08.26,1369
2005.09.02,1365.57
2005.09.09,1347.32
2005.09.16,1340
2005.09.23,1387
2005.09.30,1349.82
2005.10.07,1314.75
2005.10.14,1346.68
2005.10.21,1334.46
2005.10.28,1364
2005.11.04,1345.66
2005.11.11,1284
2005.11.18,1267.89
2005.11.25,1223
2005.12.02,1240.39
2005.12.09,1240
2005.12.16,1226.34
2005.12.23,1178
2005.12.30,1214
2006.01.06,1211
2006.01.13,1204.23
2006.01.20,1207.02
2006.01.27,1189.23
2006.02.03,1213.32
2006.02.10,1188.76
2006.02.17,1111.78
2006.02.24,1156.33
2006.03.03,1230.49
2006.03.10,1206.02
2006.03.17,1160
2006.03.24,1193
2006.03.31,1192
2006.04.07,1209
2006.04.14,1202
2006.04.21,1189.03
2006.04.28,1214
2006.05.05,1183
2006.05.12,1191.02
2006.05.19,1187.93
2006.05.26,1150.45
2006.06.02,1196.33
2006.06.09,1185.89
2006.06.16,1181.93
2006.06.23,1181.66
2006.06.30,1171.88
2006.07.07,1162.67
2006.07.14,1172.17
2006.07.21,1160.33
2006.07.28,1167.49
2006.08.04,1175.45
2006.08.11,1182.39
2006.08.18,1172.58
2006.08.25,1197.18
2006.09.01,1170.46
2006.09.08,1160.56
2006.09.15,1169.33
2006.09.22,1167.7
2006.09.29,1162.54
2006.10.06,1151.17
2006.10.13,1189.72
2006.10.20,1161.29
2006.10.27,1147.97
2006.11.03,1188.29
2006.11.10,1164.63
2006.11.17,1193.33
2006.11.24,1198.22
2006.12.01,1158.78
2006.12.08,1183.01
2006.12.15,1167.07
2006.12.22,1180.24
2006.12.29,1204.33
2007.01.05,1152.32
2007.01.12,1212.24
2007.01.19,1209.06
2007.01.26,1205.29
2007.02.02,1189.18
2007.02.09,1191.42
2007.02.16,1167.35
2007.02.23,1221.81
2007.03.02,1095.39
2007.03.09,1017.59
2007.03.16,1047.65
2007.03.23,1056.83
2007.03.30,1045.73
2007.04.06,1032.27
2007.04.13,1070.21
2007.04.20,1054.78
2007.04.27,1066.91
2007.05.04,1075.26
2007.05.11,1061.83
2007.05.18,1054.27
2007.05.25,1063.59
2007.06.01,1084.2
2007.06.08,1087.62
2007.06.15,1087.23
2007.06.22,1079.81
2007.06.29,1082.32
2007.07.06,1090.49
2007.07.13,1092.74
2007.07.20,1086.27
2007.07.27,1090.33
2007.08.03,1082.92
2007.08.10,1082.75
2007.08.17,1071.37
2007.08.24,1074.5
2007.08.31,1078.96
2007.09.07,1083.08
2007.09.14,1075.98
2007.09.21,1073.93
2007.09.28,1109.72
2007.10.05,1104.96
2007.10.12,1091.4
2007.10.19,1071.51
2007.10.26,1082.15
2007.11.02,1092.69
2007.11.09,1081.61
2007.11.16,1088.58
2007.11.23,1089.07
2007.11.30,1082.55
2007.12.07,1089.32
2007.12.14,1095.92
2007.12.21,1090.58
2007.12.28,1079.57
2008.01.04,1104.01
2008.01.11,1078.37
2008.01.18,1084.46
2008.01.25,1090.68
2008.02.01,1118.83
2008.02.08,1119.06
2008.02.15,1102.13
2008.02.22,1093.16
2008.02.29,1081.27
2008.03.07,1112.37
2008.03.14,1092.96
2008.03.21,1088.64
2008.03.28,1090.79
2008.04.04,1077.95
2008.04.11,1102.8
2008.04.18,1087.62
2008.04.25,1115.66
2008.05.02,1101.51
2008.05.09,1078.82
2008.05.16,1110.49
2008.05.23,1136.23
2008.05.30,1151.5
2008.06.06,1135.36
2008.06.13,1143.78
2008.06.20,1122.24
2008.06.27,1130.02
2008.07.04,1141.19
2008.07.11,1144.32
2008.07.18,1137.91
2008.07.25,1134
2008.08.01,1117.62
2008.08.08,1113.99
2008.08.15,1126.56
2008.08.22,1132.87
2008.08.29,1117.73
2008.09.05,1111.59
2008.09.12,1119.95
2008.09.19,1112.27
2008.09.26,1106.49
2008.10.03,1105.69
2008.10.10,1107.34
2008.10.17,1106.81
2008.10.24,1109.13
2008.10.31,1120.03
2008.11.07,1112.95
2008.11.14,1102.64
2008.11.21,1097.06
2008.11.28,1082.48
2008.12.05,1068.46
2008.12.12,1065.96
2008.12.19,1074.42
2008.12.26,1061.35
2009.01.02,1051.64
2009.01.09,1040.77
2009.01.16,1025.86
2009.01.23,1001.47
2009.01.30,1005.69
2009.02.06,1000.18
2009.02.13,984.51
2009.02.20,997.79
2009.02.27,997.51
2009.03.06,966.6
2009.03.13,956.94
2009.03.20,964.45
2009.03.27,959.41
2009.04.03,941.88
2009.04.10,943.33
2009.04.17,935.45
2009.04.24,889.96
2009.05.01,877.69
2009.05.08,874.62
2009.05.15,854.47
2009.05.22,840.56
2009.05.29,824.38
2009.06.05,823.19
2009.06.12,799.6
2009.06.19,791.64
2009.06.26,746.29
2009.07.03,749.46
2009.07.10,748.68
2009.07.17,746.32
2009.07.24,748.27
2009.07.31,751.23
2009.08.07,748.67
2009.08.14,799.7
2009.08.21,802.15
2009.08.28,825.93
2009.09.04,876.53
2009.09.11,843.43
2009.09.18,869.78
2009.09.25,884.12
2009.10.02,864.38
2009.10.09,868.98
2009.10.16,859.05
2009.10.23,859.5
2009.10.30,857.61
2009.11.06,864.97
2009.11.13,856.4
2009.11.20,868.46
2009.11.27,866.17
2009.12.04,873
2009.12.11,867.49
2009.12.18,871.39
2009.12.25,865.52
2010.01.08,878.44
2010.01.15,878.53
2010.01.22,919.92
2010.01.29,927.93
2010.02.05,967.15
2010.02.12,1020.56
2010.02.26,1092.59
2010.03.05,958.1
2010.03.12,978.57
2010.03.19,957.01
2010.03.26,957.59
2010.04.02,972.85
2010.04.09,982.09
2010.04.16,981.77
2010.04.23,992.45
2010.04.30,992.45
2010.05.07,1025.76
2010.05.14,1029.41
2010.05.21,1053.26
2010.05.28,1051.91
2010.06.04,1071.75
2010.06.11,1074.15
2010.06.18,1085.1
2010.06.25,1123.47
2010.07.02,1131
2010.07.09,1142.35
2010.07.16,1168.01
2010.07.23,1175.4
2010.07.30,1174.66
2010.08.06,1183.67
2010.08.13,1187.95
2010.08.20,1179.3
2010.08.27,1200.09
2010.09.03,1190.24
2010.09.10,1182.71
2010.09.17,1196.49
2010.10.15,1119.94
2010.10.22,1099.71
2010.10.29,1107.57
2010.11.05,1071.54
2010.11.12,1064.82
2010.11.19,1040.23
2010.11.26,1033.47
2010.12.03,1023.68
2010.12.10,1022.73
2010.12.17,1002.21
2010.12.24,1000.67
2010.12.31,1018.59
2011.01.07,1000.72
2011.01.14,1015.88
2011.01.21,998.94
2011.01.28,1006.17
2011.02.11,992.63
2011.02.18,998.52
2011.02.25,1002.1
2011.03.04,995.66
2011.03.11,992.09
2011.03.18,986.34
2011.03.25,970.36
2011.04.01,965.95
2011.04.08,954.94
2011.04.15,967.3
2011.04.22,960.77
2011.04.29,976.16
2011.05.06,986.25
2011.05.13,979.12
2011.05.20,989.05
2011.05.27,995.5
2011.06.03,977.94
2011.06.10,962.49
2011.06.17,960.53
2011.06.24,938.48
2011.07.01,934.15
2011.07.08,946.81
2011.07.15,947.93
2011.07.22,945.14
2011.07.29,927.79
2011.08.05,919.19
2011.08.12,903.59
2011.08.19,908.32
2011.08.26,929.11
2011.09.02,932.07
2011.09.09,938.42
2011.09.16,927.33
2011.09.23,917.32
2011.09.30,887.3
2011.10.14,871.12
2011.10.21,869.7
2011.10.28,874.08
2011.11.04,861.23
2011.11.11,874.05
2011.11.18,870.94
2011.11.25,863.79
2011.12.02,856.68
2011.12.09,854.47
2011.12.16,857.69
2011.12.23,841.41
2011.12.30,827
2012.01.06,859.23
2012.01.13,891.92
2012.01.20,910.86
2012.02.03,935.08
2012.02.10,945.21
2012.02.17,937.76
2012.02.24,931.82
2012.03.02,943.85
2012.03.09,923.13
2012.03.16,924.84
2012.03.23,960.61
2012.03.30,956.29
2012.04.06,972.33
2012.04.13,969.48
2012.04.20,993.14
2012.04.27,1039.21
2012.05.04,1032.99
2012.05.11,1049.41
2012.05.18,1062.58
2012.05.25,1048.98
2012.06.01,1043.84
2012.06.08,1053.52
2012.06.15,1070.75
2012.06.22,1102.35
2012.06.29,1100.18
2012.07.06,1112.31
2012.07.13,1116.21
2012.07.20,1129.95
2012.07.27,1108.77
2012.08.03,1104.84
2012.08.10,1125.51
2012.08.17,1099.71
2012.08.24,1115.78
2012.08.31,1132.88
2012.09.07,1135.47
2012.09.14,1165.9
2012.09.21,1157.43
2012.09.28,1166.76
2012.10.12,1176.65
2012.10.19,1155.65
2012.10.26,1148.95
2012.11.02,1134.89
2012.11.09,1103.63
2012.11.16,1109.91
2012.11.23,1101.49
2012.11.30,1087.66
2012.12.07,1065.74
2012.12.14,1073.94
2012.12.21,1074.97
2012.12.28,1067.67
2013.01.04,1066.47
2013.01.11,1078.66
2013.01.18,1106.31
2013.01.25,1117.59
2013.02.01,1114.72
2013.02.08,1119.16
2013.02.22,1120.08
2013.03.01,1099.68
2013.03.08,1069.77
2013.03.15,1076.83
2013.03.22,1053.13
2013.03.29,1079.4
2013.04.05,1069.1
2013.04.12,1093.18
2013.04.19,1087.14
2013.04.26,1103.18
2013.05.03,1110.53
2013.05.10,1104.74
2013.05.17,1097.39
2013.05.24,1106.1
2013.05.31,1093.03
2013.06.07,1088.85
2013.06.14,1091.1
2013.06.21,1085.8
2013.06.28,1081.87
2013.07.05,1082.94
2013.07.12,1084.06
2013.07.19,1085.03
2013.07.26,1085.79
2013.08.02,1085.35
2013.08.09,1076.83
2013.08.16,1077.79
2013.08.23,1070.16
2013.08.30,1065.6
2013.09.06,1061.91
2013.09.13,1064.11
2013.09.18,1052.32
2013.09.20,1052.32
2013.09.27,1048.89
2013.10.11,1020.15
2013.10.18,1013.67
2013.10.25,953.3
2013.11.01,956.43
2013.11.08,964.87
2013.11.15,960.23
2013.11.22,953.22
2013.11.29,970.5
2013.12.06,977.29
2013.12.13,972.18
2013.12.20,969.84
2013.12.27,975.84
2014.01.03,976.03
2014.01.10,977.28
2014.01.17,981.47
2014.01.24,999.25
2014.01.31,1004.65
2014.02.07,999.6
2014.02.14,1028.46
2014.02.21,1016.4
2014.02.28,1031.88
2014.03.07,1001.15
2014.03.14,995.23
2014.03.21,998.08
2014.03.28,1000.07
2014.04.04,1001.04
2014.04.11,994.16
2014.04.18,978.64
2014.04.25,986.61
2014.05.02,983.67
2014.05.09,994.8
2014.05.16,975.96
2014.05.23,968.95
2014.05.30,974.08
2014.06.06,967.4
2014.06.13,949.56
2014.06.20,951.29
2014.06.27,952.99
2014.07.04,945.6
2014.07.11,936.32
2014.07.18,935.58
2014.07.25,934.13
2014.08.01,959.63
2014.08.08,974.59
2014.08.15,988.31
2014.08.22,1005.27
2014.08.29,997.41
2014.09.05,1005.21
2014.09.12,1002.36
2014.09.19,997.86
2014.09.26,977.88
2014.10.10,978.91
2014.10.17,950.18
2014.10.24,965.8
2014.10.31,992.95
2014.11.07,970.74
2014.11.14,969.23
2014.11.21,993.73
2014.11.28,990.29
2014.12.05,985.56
2014.12.12,973.47
2014.12.19,981.92
2014.12.26,1000.28
2015.01.02,989.49
2015.01.09,1008.26
2015.01.16,992.71
2015.01.23,1018.04
2015.01.30,1013.58
2015.02.06,1015.59
2015.02.13,1016.27
2015.02.27,1035.46
2015.03.06,1033.38
2015.03.13,1054.24
2015.03.20,1005.02
2015.03.27,980.5
2015.04.03,980.08
2015.04.10,973.58
2015.04.17,956.43
2015.04.24,932.65
2015.05.01,939.7
2015.05.08,962.34
2015.05.15,934.12
2015.05.22,927.3
2015.05.29,933.51
2015.06.05,906.1
2015.06.12,907.39
2015.06.19,890.79
2015.06.26,885.22
2015.07.03,868.31
2015.07.10,865.94
2015.07.17,862.12
2015.07.24,868.14
2015.07.31,848.12
2015.08.07,824.12
2015.08.14,841.19
2015.08.21,869.08
2015.08.28,866.71
2015.09.04,875.1
2015.09.11,878.65
2015.09.18,863.22
2015.09.25,859.98
2015.10.09,849.4
2015.10.16,831.12
2015.10.23,835.27
2015.10.30,837.97
2015.11.06,858.99
2015.11.13,814.29
2015.11.20,811.86
2015.11.27,802.49
2015.12.04,787.35
2015.12.11,777.5
2015.12.18,766.69
2015.12.25,762.64
2015.12.31,745.84
2016.01.08,761.6
2016.01.15,763.51
2016.01.22,816.68
2016.01.29,817.29
2016.02.05,815.37
2016.02.19,834.76
2016.02.26,838.57
2016.03.04,839.18
2016.03.11,809.94
2016.03.18,736.16
2016.03.25,734.07
2016.04.01,719.25
2016.04.08,702.91
2016.04.15,644.88
2016.04.22,685.85
2016.04.29,631.18
2016.05.06,635.4
2016.05.13,620.92
2016.05.20,611.26
2016.05.27,604.94
2016.06.03,596.74
2016.06.10,581.86
2016.06.17,555.92
2016.06.24,552.27
2016.07.01,549.02
2016.07.08,534.47
2016.07.15,546.83
2016.07.22,573.34
2016.07.29,607.32
2016.08.05,603.59
2016.08.12,596.48
2016.08.19,603.13
2016.08.26,600.51
2016.09.02,564.21
2016.09.09,594.4
2016.09.16,610.85
2016.09.23,679.4
2016.09.30,690.52
2016.10.14,688.59
2016.10.21,675.81
2016.10.28,699.18
2016.11.04,718.59
2016.11.11,724.85
2016.11.18,731.48
2016.11.25,725.04
2016.12.02,706.06
2016.12.09,676.99
2016.12.16,675.77
2016.12.23,665.69
2016.12.30,749.72
2017.01.06,682.17
2017.01.13,688.43
2017.01.20,734.16
2017.01.27,757.95
2017.02.03,769.64
2017.02.10,747.74
2017.02.17,724.23
2017.02.24,707.93
2017.03.03,670.62
2017.03.10,657.42
2017.03.17,634.24
2017.03.24,626.52
2017.03.31,615.93
2017.04.07,613.79
2017.04.14,603.19
2017.04.21,611.89
2017.04.28,614.75
2017.05.05,614.27
2017.05.12,625.8
2017.05.19,645.68
2017.05.26,643.85
2017.06.02,629.26
2017.06.09,613.69
2017.06.16,620.36
2017.06.23,618.07
2017.06.30,627.21
2017.07.07,625.93
2017.07.14,624.95
2017.07.21,651.48
2017.07.28,655.84
2017.08.04,646.91
2017.08.11,636.92
2017.08.18,651.4
2017.08.25,656.66
2017.09.01,653.34
2017.09.08,647.98
2017.09.15,641.3
2017.09.22,631.6
2017.09.29,632.08
2017.10.13,614.64
2017.10.20,604.57
2017.10.27,617.1
2017.11.03,627.24
2017.11.10,623.91
2017.11.17,641.11
2017.11.24,630.84
2017.12.01,613.97
2017.12.08,593.44
2017.12.15,597.76
2017.12.22,604.23
2017.12.29,606.28
2018.01.05,612.18
2018.01.12,605.75
2018.01.19,635.41
2018.01.26,634.7
2018.02.02,635.95
2018.02.09,642.57
2018.02.14,649.89
2018.02.23,648.92
2018.03.02,656.51
2018.03.09,655
2018.03.16,623.83
2018.03.23,610.12
2018.03.30,598.32
2018.04.04,574.86
2018.04.13,578.88
2018.04.20,601.67
2018.04.27,605.12
2018.05.04,613.1
2018.05.11,629.57
2018.05.18,656.67
2018.05.25,651.05
2018.06.01,638.18
2018.06.08,628.26
2018.06.15,634.1
2018.06.22,632.17
2018.06.29,619.83
2018.07.06,612.75
2018.07.13,627.55
2018.07.20,652.24
2018.07.27,657.26
2018.08.03,661.5
2018.08.10,669.67
2018.08.17,711.91
2018.08.24,731.9
2018.08.31,760.46
2018.09.07,779.47
2018.09.14,778.6
2018.09.21,784.54
2018.09.28,809.26
2018.10.12,793.72
2018.10.19,774.79
2018.10.26,794.06
2018.11.02,832.1
2018.11.09,849.47
2018.11.16,849.91
2018.11.23,831.22
2018.11.30,839.68
2018.12.07,834.64
2018.12.14,812.72
2018.12.21,785.34
2018.12.28,748.64
2019.01.04,719.47
2019.01.11,703.74
2019.01.18,713.83
2019.01.25,715.88
2019.02.01,730.36
2019.02.15,732.84
2019.02.22,716.77
2019.03.01,705.95
2019.03.08,663.91
2019.03.15,664.37
2019.03.22,655.29
2019.03.29,641.47
2019.04.04,640.07
2019.04.12,650.6
2019.04.19,659.32
2019.04.26,670.45
2019.05.10,670.41
2019.05.17,693.1
2019.05.24,698.22
2019.06.06,665.88
2019.06.07,665.88
2019.06.14,683.47
2019.06.21,692.25
2019.06.28,693.91
2019.07.05,689.8
2019.07.12,699.18
2019.07.19,727.63
2019.07.26,720.64
2019.08.02,723.93
2019.08.09,707.17
2019.08.16,719.2
2019.08.23,700.88
2019.08.30,691.57
2019.09.06,667.23
2019.09.12,689.28
2019.09.13,689.28
2019.09.20,698.78
2019.09.27,703.87
2019.10.11,669.1
2019.10.18,665.73
2019.10.25,658.49
2019.11.01,673.82
2019.11.08,683.07
2019.11.15,706.48
2019.11.22,706.22
2019.11.29,688.69
2019.12.06,671.6
2019.12.13,685.55
2019.12.20,705.75
2019.12.27,704.08
2020.01.03,681.52
2020.01.10,691.88
2020.01.17,725.85
2020.01.24,722.91
2020.01.31,720.53
2020.02.07,719.42
2020.02.14,718.25
2020.02.21,730.29
2020.02.28,700.75
2020.03.06,720.95
2020.03.13,712.68
2020.03.20,707.18
2020.03.27,726.47
2020.04.03,723.91
2020.04.10,732.96
2020.04.17,738.71
2020.04.24,741.1
2020.05.01,733.53
2020.05.08,723.83
2020.05.15,736.17
2020.05.22,732.3
2020.05.29,722.79
2020.06.05,734.87
2020.06.12,741.4
2020.06.19,775.38
2020.06.26,793.86
2020.07.03,838.73
2020.07.10,860.41
2020.07.17,883.92
2020.07.24,867.17
2020.07.31,863.43
2020.08.07,867.5
2020.08.14,902.1
2020.08.21,915.76
2020.08.28,954.01
2020.09.04,982.06
2020.09.11,1009.47
2020.09.18,1037.56
2020.09.25,1059.8
2020.09.30,1073.25
2020.10.02,1073.25
2020.10.09,1069.27
2020.10.16,1088.34
2020.10.23,1065.91
2020.10.30,1069.78
2020.11.06,1113.36
2020.11.13,1106.71
2020.11.20,1138.19
2020.11.27,1167.23
2020.12.04,1207.96
2020.12.11,1215.99
2020.12.18,1238.08
2020.12.25,1222.31
2020.12.31,1241.48
2021.01.01,1241.48
2021.01.08,1270.74
2021.01.15,1310.82
2021.01.22,1280.99
2021.01.29,1331.15
2021.02.05,1338.38
2021.02.10,1389.13
2021.02.12,1389.13
2021.02.19,1379.93
2021.02.26,1418.84
2021.03.05,1336.39
2021.03.12,1335.48
2021.03.19,1301.49
2021.03.26,1307.26
2021.04.02,1309.8
2021.04.09,1298.83
2021.04.16,1287.2
2021.04.23,1307.61
2021.04.30,1355.39
2021.05.07,1371.96
2021.05.14,1464.75
2021.05.21,1541.02
2021.05.28,1590.53
2021.06.04,1619.89
2021.06.11,1643.48
2021.06.18,1718.08
2021.06.25,1783.56
2021.07.02,1811.62
2021.07.09,1923.19
2021.07.16,1840.64
2021.07.23,1971.5
2021.07.30,1969.97
2021.08.06,2019.74
2021.08.13,2022.62
2021.08.20,2005.99
2021.08.27,2099.31
2021.09.03,2319.37
2021.09.10,2225.72
2021.09.17,2183.43
2021.09.24,2271.4
2021.09.30,2217.28
2021.10.01,2217.28
2021.10.08,2135.83
2021.10.15,2295.6
2021.10.22,2381.24
2021.10.29,2220.11
2021.11.05,2251.7
2021.11.12,2243.42
2021.11.19,2268.13
2021.11.26,2292.95
2021.12.03,2340.73
2021.12.10,2438.17
2021.12.17,2430.46
2021.12.24,2412.51
2021.12.31,2423.54
2022.01.07,2630.05
2022.01.14,2608.48
2022.01.21,2590.39
2022.01.28,2628.62
2022.02.11,2745.24
2022.02.18,2626.33
2022.02.25,2591.78
2022.03.04,2578.94
2022.03.11,2568.88
2022.03.18,2470.76
2022.03.25,2520.33
2022.04.01,2436.6
2022.04.08,2286.79
2022.04.15,2354.1
2022.04.22,2336.96
2022.04.29,2324.05
2022.05.06,2339.09
2022.05.13,2413.36
2022.05.20,2598.5
2022.05.27,2714.62
2022.06.02,2682.4
2022.06.03,2682.4
2022.06.10,2665.78
2022.06.17,2691.53
2022.06.24,2676.02
2022.07.01,2643.55
2022.07.08,2577.61
2022.07.15,2642.41
2022.07.22,2536.56
2022.07.29,2529
2022.08.05,2457.62
2022.08.12,2471.12
2022.08.19,2362.71
2022.08.26,2360.4
2022.09.02,2232.89
2022.09.09,2194.66
2022.09.16,2012.7
2022.09.23,1913.8
2022.09.30,1697.24
2022.10.14,1486.37
2022.10.21,1389.53
2022.10.28,1241.65
2022.11.04,1171.56
2022.11.11,1138.42
2022.11.18,1036.96
2022.11.25,988.72
2022.12.02,927.76
2022.12.09,927.2
2022.12.16,894.62
2022.12.23,906.35
2022.12.30,837.77
2023.01.06,843.96
2023.01.13,822.62
2023.01.20,818.48
2023.02.03,794.74
2023.02.10,846.32
2023.02.17,794.49
2023.02.24,779.96
2023.03.03,781.02
2023.03.10,746.83
2023.03.17,738.04
2023.03.24,709.22
2023.03.31,694.46
2023.04.07,704.45
2023.04.14,708.93
2023.04.21,676.48
2023.04.28,723.27
2023.05.05,750.81
2023.05.12,745.17
2023.05.19,707.57
2023.05.26,703.31
2023.06.02,699.48
2023.06.09,679.75
2023.06.16,717.57
2023.06.21,714.67
2023.06.23,714.67
2023.06.30,665.41
2023.07.07,654.88
2023.07.14,659.13
2023.07.21,670.35
2023.07.28,702.62
2023.08.04,736.26
2023.08.11,733.29
2023.08.18,754.56
2023.08.25,776.9
2023.09.01,766.87
2023.09.08,784.04
2023.09.15,772.12
2023.09.22,767.28
2023.09.29,747.28
2023.10.13,721.2
2023.10.20,708.61
2023.10.27,718.34
2023.11.03,733.84
2023.11.10,722.55
2023.11.17,740.52
2023.11.24,745.82
2023.12.01,720.4
2023.12.08,718.95
2023.12.15,718.5
2023.12.22,703.99
2023.12.29,741.98
2024.01.05,730.99
2024.01.12,788.55
2024.01.19,851.88
2024.01.26,916.57
2024.02.02,1039.57
2024.02.09,1126.43
2024.02.23,1134.45
2024.03.01,1090.92
2024.03.08,1055.1
2024.03.15,1041.39
2024.03.22,1001.68
2024.03.29,958.83
2024.04.03,932.29
2024.04.05,932.29
2024.04.12,953.08
2024.04.19,914.67
2024.04.26,909.82
2024.05.10,923.32
2024.05.17,1007.02
2024.05.24,1077.15
2024.05.31,1186.53
2024.06.07,1248.37
2024.06.14,1367.66
2024.06.21,1440.54
2024.06.28,1507.75
2024.07.05,1599.78
2024.07.12,1688.08
2024.07.19,1650.86
2024.07.26,1694.26
2024.08.02,1567.82
2024.08.09,1568.84
2024.08.16,1457.49
2024.08.23,1398.44
2024.08.30,1407.56
2024.09.06,1372.23
2024.09.13,1336.62
2024.09.20,1335.05
2024.09.27,1304.63
2024.10.11,1251.24
2024.10.18,1213.64
2024.10.25,1228.09
2024.11.01,1219.8
2024.11.08,1227.36
2024.11.15,1214.83
2024.11.22,1152.1
2024.11.29,1083.23
2024.12.06,1023.64
2024.12.13,980.24
2024.12.20,972.04
2024.12.27,996.53
2025.01.03,1092.55
2025.01.10,1158.51
2025.01.17,1198.07
2025.01.24,1217.46
2025.02.07,1175.18
2025.02.14,1110.5
2025.02.21,1069.99
2025.02.28,997.46
2025.03.07,962.59
2025.03.14,923.48
2025.03.21,859.97
2025.03.28,806.01
2025.04.04,776.61
2025.04.11,796.27
2025.04.18,811.65
2025.04.25,823.14
2025.05.02,837.43
2025.05.09,857.65
2025.05.16,876.92
2025.05.23,908.14
2025.05.30,944.06
2025.06.06,1034.94
2025.06.13,1094.58
数据来源：,前瞻数据库 https://d.qianzhan.com
