"index_code","index_desc","wind_code","date","open","high","low","close","volume","amt","chg","pct_chg","update_time"
"ee1e0330-0b69-4aa5-8592-8ab4ef86a5b0","SCFIS:美西航线(基本港)","S008618298","20211129",,,,"4501.24",,,,,"20/3/2025 09:53:34.620718+08"
"ee1e0330-0b69-4aa5-8592-8ab4ef86a5b0","SCFIS:美西航线(基本港)","S008618298","20211206",,,,"4853.4",,,,,"20/3/2025 09:53:34.620718+08"
"ee1e0330-0b69-4aa5-8592-8ab4ef86a5b0","SCFIS:美西航线(基本港)","S008618298","20211213",,,,"4972.98",,,,,"20/3/2025 09:53:34.620718+08"
"ee1e0330-0b69-4aa5-8592-8ab4ef86a5b0","SCFIS:美西航线(基本港)","S008618298","20211220",,,,"5151.98",,,,,"20/3/2025 09:53:34.620718+08"
"ee1e0330-0b69-4aa5-8592-8ab4ef86a5b0","SCFIS:美西航线(基本港)","S008618298","20211227",,,,"5232.69",,,,,"20/3/2025 09:53:34.620718+08"
"ee1e0330-0b69-4aa5-8592-8ab4ef86a5b0","SCFIS:美西航线(基本港)","S008618298","20220103",,,,"5224.83",,,,,"20/3/2025 09:53:34.620718+08"
"ee1e0330-0b69-4aa5-8592-8ab4ef86a5b0","SCFIS:美西航线(基本港)","S008618298","20220110",,,,"5580.29",,,,,"20/3/2025 09:53:34.620718+08"
"ee1e0330-0b69-4aa5-8592-8ab4ef86a5b0","SCFIS:美西航线(基本港)","S008618298","20220117",,,,"5649.88",,,,,"20/3/2025 09:53:34.620718+08"
"ee1e0330-0b69-4aa5-8592-8ab4ef86a5b0","SCFIS:美西航线(基本港)","S008618298","20220124",,,,"5460.63",,,,,"20/3/2025 09:53:34.620718+08"
"ee1e0330-0b69-4aa5-8592-8ab4ef86a5b0","SCFIS:美西航线(基本港)","S008618298","20220131",,,,"5467.64",,,,,"20/3/2025 09:53:34.620718+08"
"ee1e0330-0b69-4aa5-8592-8ab4ef86a5b0","SCFIS:美西航线(基本港)","S008618298","20220207",,,,"5248.75",,,,,"20/3/2025 09:53:34.620718+08"
"ee1e0330-0b69-4aa5-8592-8ab4ef86a5b0","SCFIS:美西航线(基本港)","S008618298","20220214",,,,"5258.39",,,,,"20/3/2025 09:53:34.620718+08"
"ee1e0330-0b69-4aa5-8592-8ab4ef86a5b0","SCFIS:美西航线(基本港)","S008618298","20220221",,,,"5254.84",,,,,"20/3/2025 09:53:34.620718+08"
"ee1e0330-0b69-4aa5-8592-8ab4ef86a5b0","SCFIS:美西航线(基本港)","S008618298","20220228",,,,"5663.01",,,,,"20/3/2025 09:53:34.620718+08"
"ee1e0330-0b69-4aa5-8592-8ab4ef86a5b0","SCFIS:美西航线(基本港)","S008618298","20220307",,,,"5443.42",,,,,"20/3/2025 09:53:34.620718+08"
"ee1e0330-0b69-4aa5-8592-8ab4ef86a5b0","SCFIS:美西航线(基本港)","S008618298","20220314",,,,"5421.15",,,,,"20/3/2025 09:53:34.620718+08"
"ee1e0330-0b69-4aa5-8592-8ab4ef86a5b0","SCFIS:美西航线(基本港)","S008618298","20220321",,,,"5421.77",,,,,"20/3/2025 09:53:34.620718+08"
"ee1e0330-0b69-4aa5-8592-8ab4ef86a5b0","SCFIS:美西航线(基本港)","S008618298","20220328",,,,"5030.71",,,,,"20/3/2025 09:53:34.620718+08"
"ee1e0330-0b69-4aa5-8592-8ab4ef86a5b0","SCFIS:美西航线(基本港)","S008618298","20220404",,,,"5220.56",,,,,"20/3/2025 09:53:34.620718+08"
"ee1e0330-0b69-4aa5-8592-8ab4ef86a5b0","SCFIS:美西航线(基本港)","S008618298","20220411",,,,"4879.62",,,,,"20/3/2025 09:53:34.620718+08"
"ee1e0330-0b69-4aa5-8592-8ab4ef86a5b0","SCFIS:美西航线(基本港)","S008618298","20220418",,,,"4821.53",,,,,"20/3/2025 09:53:34.620718+08"
"ee1e0330-0b69-4aa5-8592-8ab4ef86a5b0","SCFIS:美西航线(基本港)","S008618298","20220425",,,,"5084.31",,,,,"20/3/2025 09:53:34.620718+08"
"ee1e0330-0b69-4aa5-8592-8ab4ef86a5b0","SCFIS:美西航线(基本港)","S008618298","20220502",,,,"5077.38",,,,,"20/3/2025 09:53:34.620718+08"
"ee1e0330-0b69-4aa5-8592-8ab4ef86a5b0","SCFIS:美西航线(基本港)","S008618298","20220509",,,,"5095.92",,,,,"20/3/2025 09:53:34.620718+08"
"ee1e0330-0b69-4aa5-8592-8ab4ef86a5b0","SCFIS:美西航线(基本港)","S008618298","20220523",,,,"5163.23",,,,,"20/3/2025 09:53:34.620718+08"
"ee1e0330-0b69-4aa5-8592-8ab4ef86a5b0","SCFIS:美西航线(基本港)","S008618298","20220530",,,,"5115.72",,,,,"20/3/2025 09:53:34.620718+08"
"ee1e0330-0b69-4aa5-8592-8ab4ef86a5b0","SCFIS:美西航线(基本港)","S008618298","20220606",,,,"5064.46",,,,,"20/3/2025 09:53:34.620718+08"
"ee1e0330-0b69-4aa5-8592-8ab4ef86a5b0","SCFIS:美西航线(基本港)","S008618298","20220613",,,,"4831.73",,,,,"20/3/2025 09:53:34.620718+08"
"ee1e0330-0b69-4aa5-8592-8ab4ef86a5b0","SCFIS:美西航线(基本港)","S008618298","20220620",,,,"4552.35",,,,,"20/3/2025 09:53:34.620718+08"
"ee1e0330-0b69-4aa5-8592-8ab4ef86a5b0","SCFIS:美西航线(基本港)","S008618298","20220627",,,,"4358.46",,,,,"20/3/2025 09:53:34.620718+08"
"ee1e0330-0b69-4aa5-8592-8ab4ef86a5b0","SCFIS:美西航线(基本港)","S008618298","20220704",,,,"4103.6",,,,,"20/3/2025 09:53:34.620718+08"
"ee1e0330-0b69-4aa5-8592-8ab4ef86a5b0","SCFIS:美西航线(基本港)","S008618298","20220711",,,,"4290.2",,,,,"20/3/2025 09:53:34.620718+08"
"ee1e0330-0b69-4aa5-8592-8ab4ef86a5b0","SCFIS:美西航线(基本港)","S008618298","20220718",,,,"4143.68",,,,,"20/3/2025 09:53:34.620718+08"
"ee1e0330-0b69-4aa5-8592-8ab4ef86a5b0","SCFIS:美西航线(基本港)","S008618298","20220725",,,,"4052.94",,,,,"20/3/2025 09:53:34.620718+08"
"ee1e0330-0b69-4aa5-8592-8ab4ef86a5b0","SCFIS:美西航线(基本港)","S008618298","20220801",,,,"3589.82",,,,,"20/3/2025 09:53:34.620718+08"
"ee1e0330-0b69-4aa5-8592-8ab4ef86a5b0","SCFIS:美西航线(基本港)","S008618298","20220808",,,,"3483.2",,,,,"20/3/2025 09:53:34.620718+08"
"ee1e0330-0b69-4aa5-8592-8ab4ef86a5b0","SCFIS:美西航线(基本港)","S008618298","20220815",,,,"3577.34",,,,,"20/3/2025 09:53:34.620718+08"
"ee1e0330-0b69-4aa5-8592-8ab4ef86a5b0","SCFIS:美西航线(基本港)","S008618298","20220822",,,,"3335.29",,,,,"20/3/2025 09:53:34.620718+08"
"ee1e0330-0b69-4aa5-8592-8ab4ef86a5b0","SCFIS:美西航线(基本港)","S008618298","20220829",,,,"3139.1",,,,,"20/3/2025 09:53:34.620718+08"
"ee1e0330-0b69-4aa5-8592-8ab4ef86a5b0","SCFIS:美西航线(基本港)","S008618298","20220905",,,,"2636.33",,,,,"20/3/2025 09:53:34.620718+08"
"ee1e0330-0b69-4aa5-8592-8ab4ef86a5b0","SCFIS:美西航线(基本港)","S008618298","20220912",,,,"2343.2",,,,,"20/3/2025 09:53:34.620718+08"
"ee1e0330-0b69-4aa5-8592-8ab4ef86a5b0","SCFIS:美西航线(基本港)","S008618298","20220919",,,,"2269.82",,,,,"20/3/2025 09:53:34.620718+08"
"ee1e0330-0b69-4aa5-8592-8ab4ef86a5b0","SCFIS:美西航线(基本港)","S008618298","20220926",,,,"1827.21",,,,,"20/3/2025 09:53:34.620718+08"
"ee1e0330-0b69-4aa5-8592-8ab4ef86a5b0","SCFIS:美西航线(基本港)","S008618298","20221003",,,,"1547.47",,,,,"20/3/2025 09:53:34.620718+08"
"ee1e0330-0b69-4aa5-8592-8ab4ef86a5b0","SCFIS:美西航线(基本港)","S008618298","20221010",,,,"1387.3",,,,,"20/3/2025 09:53:34.620718+08"
"ee1e0330-0b69-4aa5-8592-8ab4ef86a5b0","SCFIS:美西航线(基本港)","S008618298","20221017",,,,"1195.63",,,,,"20/3/2025 09:53:34.620718+08"
"ee1e0330-0b69-4aa5-8592-8ab4ef86a5b0","SCFIS:美西航线(基本港)","S008618298","20221024",,,,"1157.63",,,,,"20/3/2025 09:53:34.620718+08"
"ee1e0330-0b69-4aa5-8592-8ab4ef86a5b0","SCFIS:美西航线(基本港)","S008618298","20221031",,,,"1058.9",,,,,"20/3/2025 09:53:34.620718+08"
"ee1e0330-0b69-4aa5-8592-8ab4ef86a5b0","SCFIS:美西航线(基本港)","S008618298","20221107",,,,"1003.61",,,,,"20/3/2025 09:53:34.620718+08"
"ee1e0330-0b69-4aa5-8592-8ab4ef86a5b0","SCFIS:美西航线(基本港)","S008618298","20221114",,,,"948.82",,,,,"20/3/2025 09:53:34.620718+08"
"ee1e0330-0b69-4aa5-8592-8ab4ef86a5b0","SCFIS:美西航线(基本港)","S008618298","20221121",,,,"919.99",,,,,"20/3/2025 09:53:34.620718+08"
"ee1e0330-0b69-4aa5-8592-8ab4ef86a5b0","SCFIS:美西航线(基本港)","S008618298","20221128",,,,"862.13",,,,,"20/3/2025 09:53:34.620718+08"
"ee1e0330-0b69-4aa5-8592-8ab4ef86a5b0","SCFIS:美西航线(基本港)","S008618298","20221205",,,,"844.55",,,,,"20/3/2025 09:53:34.620718+08"
"ee1e0330-0b69-4aa5-8592-8ab4ef86a5b0","SCFIS:美西航线(基本港)","S008618298","20221212",,,,"836.55",,,,,"20/3/2025 09:53:34.620718+08"
"ee1e0330-0b69-4aa5-8592-8ab4ef86a5b0","SCFIS:美西航线(基本港)","S008618298","20221219",,,,"830.58",,,,,"20/3/2025 09:53:34.620718+08"
"ee1e0330-0b69-4aa5-8592-8ab4ef86a5b0","SCFIS:美西航线(基本港)","S008618298","20221226",,,,"822.18",,,,,"20/3/2025 09:53:34.620718+08"
"ee1e0330-0b69-4aa5-8592-8ab4ef86a5b0","SCFIS:美西航线(基本港)","S008618298","20230102",,,,"821.67",,,,,"20/3/2025 09:53:34.620718+08"
"ee1e0330-0b69-4aa5-8592-8ab4ef86a5b0","SCFIS:美西航线(基本港)","S008618298","20230109",,,,"821.55",,,,,"20/3/2025 09:53:34.620718+08"
"ee1e0330-0b69-4aa5-8592-8ab4ef86a5b0","SCFIS:美西航线(基本港)","S008618298","20230116",,,,"797.56",,,,,"20/3/2025 09:53:34.620718+08"
"ee1e0330-0b69-4aa5-8592-8ab4ef86a5b0","SCFIS:美西航线(基本港)","S008618298","20230123",,,,"797.72",,,,,"20/3/2025 09:53:34.620718+08"
"ee1e0330-0b69-4aa5-8592-8ab4ef86a5b0","SCFIS:美西航线(基本港)","S008618298","20230130",,,,"786.68",,,,,"20/3/2025 09:53:34.620718+08"
"ee1e0330-0b69-4aa5-8592-8ab4ef86a5b0","SCFIS:美西航线(基本港)","S008618298","20230206",,,,"779.44",,,,,"20/3/2025 09:53:34.620718+08"
"ee1e0330-0b69-4aa5-8592-8ab4ef86a5b0","SCFIS:美西航线(基本港)","S008618298","20230213",,,,"767.93",,,,,"20/3/2025 09:53:34.620718+08"
"ee1e0330-0b69-4aa5-8592-8ab4ef86a5b0","SCFIS:美西航线(基本港)","S008618298","20230220",,,,"760.93",,,,,"20/3/2025 09:53:34.620718+08"
"ee1e0330-0b69-4aa5-8592-8ab4ef86a5b0","SCFIS:美西航线(基本港)","S008618298","20230227",,,,"720.1",,,,,"20/3/2025 09:53:34.620718+08"
"ee1e0330-0b69-4aa5-8592-8ab4ef86a5b0","SCFIS:美西航线(基本港)","S008618298","20230306",,,,"712.25",,,,,"20/3/2025 09:53:34.620718+08"
"ee1e0330-0b69-4aa5-8592-8ab4ef86a5b0","SCFIS:美西航线(基本港)","S008618298","20230313",,,,"706.33",,,,,"20/3/2025 09:53:34.620718+08"
"ee1e0330-0b69-4aa5-8592-8ab4ef86a5b0","SCFIS:美西航线(基本港)","S008618298","20230320",,,,"697",,,,,"20/3/2025 09:53:34.620718+08"
"ee1e0330-0b69-4aa5-8592-8ab4ef86a5b0","SCFIS:美西航线(基本港)","S008618298","20230327",,,,"690.88",,,,,"20/3/2025 09:53:34.620718+08"
"ee1e0330-0b69-4aa5-8592-8ab4ef86a5b0","SCFIS:美西航线(基本港)","S008618298","20230403",,,,"697.36",,,,,"20/3/2025 09:53:34.620718+08"
"ee1e0330-0b69-4aa5-8592-8ab4ef86a5b0","SCFIS:美西航线(基本港)","S008618298","20230410",,,,"672.59",,,,,"20/3/2025 09:53:34.620718+08"
"ee1e0330-0b69-4aa5-8592-8ab4ef86a5b0","SCFIS:美西航线(基本港)","S008618298","20230417",,,,"678.57",,,,,"20/3/2025 09:53:34.620718+08"
"ee1e0330-0b69-4aa5-8592-8ab4ef86a5b0","SCFIS:美西航线(基本港)","S008618298","20230424",,,,"833.65",,,,,"20/3/2025 09:53:34.620718+08"
"ee1e0330-0b69-4aa5-8592-8ab4ef86a5b0","SCFIS:美西航线(基本港)","S008618298","20230501",,,,"961.02",,,,,"20/3/2025 09:53:34.620718+08"
"ee1e0330-0b69-4aa5-8592-8ab4ef86a5b0","SCFIS:美西航线(基本港)","S008618298","20230508",,,,"865.9",,,,,"20/3/2025 09:53:34.620718+08"
"ee1e0330-0b69-4aa5-8592-8ab4ef86a5b0","SCFIS:美西航线(基本港)","S008618298","20230515",,,,"858.05",,,,,"20/3/2025 09:53:34.620718+08"
"ee1e0330-0b69-4aa5-8592-8ab4ef86a5b0","SCFIS:美西航线(基本港)","S008618298","20230522",,,,"821.79",,,,,"20/3/2025 09:53:34.620718+08"
"ee1e0330-0b69-4aa5-8592-8ab4ef86a5b0","SCFIS:美西航线(基本港)","S008618298","20230529",,,,"784.22",,,,,"20/3/2025 09:53:34.620718+08"
"ee1e0330-0b69-4aa5-8592-8ab4ef86a5b0","SCFIS:美西航线(基本港)","S008618298","20230605",,,,"727.89",,,,,"20/3/2025 09:53:34.620718+08"
"ee1e0330-0b69-4aa5-8592-8ab4ef86a5b0","SCFIS:美西航线(基本港)","S008618298","20230612",,,,"912.85",,,,,"20/3/2025 09:53:34.620718+08"
"ee1e0330-0b69-4aa5-8592-8ab4ef86a5b0","SCFIS:美西航线(基本港)","S008618298","20230619",,,,"808.08",,,,,"20/3/2025 09:53:34.620718+08"
"ee1e0330-0b69-4aa5-8592-8ab4ef86a5b0","SCFIS:美西航线(基本港)","S008618298","20230626",,,,"718.52",,,,,"20/3/2025 09:53:34.620718+08"
"ee1e0330-0b69-4aa5-8592-8ab4ef86a5b0","SCFIS:美西航线(基本港)","S008618298","20230703",,,,"690.96",,,,,"20/3/2025 09:53:34.620718+08"
"ee1e0330-0b69-4aa5-8592-8ab4ef86a5b0","SCFIS:美西航线(基本港)","S008618298","20230710",,,,"762.8",,,,,"20/3/2025 09:53:34.620718+08"
"ee1e0330-0b69-4aa5-8592-8ab4ef86a5b0","SCFIS:美西航线(基本港)","S008618298","20230717",,,,"851.29",,,,,"20/3/2025 09:53:34.620718+08"
"ee1e0330-0b69-4aa5-8592-8ab4ef86a5b0","SCFIS:美西航线(基本港)","S008618298","20230724",,,,"979.33",,,,,"20/3/2025 09:53:34.620718+08"
"ee1e0330-0b69-4aa5-8592-8ab4ef86a5b0","SCFIS:美西航线(基本港)","S008618298","20230731",,,,"1090.36",,,,,"20/3/2025 09:53:34.620718+08"
"ee1e0330-0b69-4aa5-8592-8ab4ef86a5b0","SCFIS:美西航线(基本港)","S008618298","20230807",,,,"1103.64",,,,,"20/3/2025 09:53:34.620718+08"
"ee1e0330-0b69-4aa5-8592-8ab4ef86a5b0","SCFIS:美西航线(基本港)","S008618298","20230814",,,,"1218.54",,,,,"20/3/2025 09:53:34.620718+08"
"ee1e0330-0b69-4aa5-8592-8ab4ef86a5b0","SCFIS:美西航线(基本港)","S008618298","20230821",,,,"1227.97",,,,,"20/3/2025 09:53:34.620718+08"
"ee1e0330-0b69-4aa5-8592-8ab4ef86a5b0","SCFIS:美西航线(基本港)","S008618298","20230828",,,,"1219.13",,,,,"20/3/2025 09:53:34.620718+08"
"ee1e0330-0b69-4aa5-8592-8ab4ef86a5b0","SCFIS:美西航线(基本港)","S008618298","20230904",,,,"1215.41",,,,,"20/3/2025 09:53:34.620718+08"
"ee1e0330-0b69-4aa5-8592-8ab4ef86a5b0","SCFIS:美西航线(基本港)","S008618298","20230911",,,,"1307.54",,,,,"20/3/2025 09:53:34.620718+08"
"ee1e0330-0b69-4aa5-8592-8ab4ef86a5b0","SCFIS:美西航线(基本港)","S008618298","20230918",,,,"1198.65",,,,,"20/3/2025 09:53:34.620718+08"
"ee1e0330-0b69-4aa5-8592-8ab4ef86a5b0","SCFIS:美西航线(基本港)","S008618298","20230925",,,,"1236.87",,,,,"20/3/2025 09:53:34.620718+08"
"ee1e0330-0b69-4aa5-8592-8ab4ef86a5b0","SCFIS:美西航线(基本港)","S008618298","20231002",,,,"1103.38",,,,,"20/3/2025 09:53:34.620718+08"
"ee1e0330-0b69-4aa5-8592-8ab4ef86a5b0","SCFIS:美西航线(基本港)","S008618298","20231009",,,,"1102.21",,,,,"20/3/2025 09:53:34.620718+08"
"ee1e0330-0b69-4aa5-8592-8ab4ef86a5b0","SCFIS:美西航线(基本港)","S008618298","20231016",,,,"1082.95",,,,,"20/3/2025 09:53:34.620718+08"
"ee1e0330-0b69-4aa5-8592-8ab4ef86a5b0","SCFIS:美西航线(基本港)","S008618298","20231023",,,,"1087.58",,,,,"20/3/2025 09:53:34.620718+08"
"ee1e0330-0b69-4aa5-8592-8ab4ef86a5b0","SCFIS:美西航线(基本港)","S008618298","20231030",,,,"1151.26",,,,,"20/3/2025 09:53:34.620718+08"
"ee1e0330-0b69-4aa5-8592-8ab4ef86a5b0","SCFIS:美西航线(基本港)","S008618298","20231106",,,,"1120.03",,,,,"20/3/2025 09:53:34.620718+08"
"ee1e0330-0b69-4aa5-8592-8ab4ef86a5b0","SCFIS:美西航线(基本港)","S008618298","20231113",,,,"1259.6",,,,,"20/3/2025 09:53:34.620718+08"
"ee1e0330-0b69-4aa5-8592-8ab4ef86a5b0","SCFIS:美西航线(基本港)","S008618298","20231120",,,,"1108.75",,,,,"20/3/2025 09:53:34.620718+08"
"ee1e0330-0b69-4aa5-8592-8ab4ef86a5b0","SCFIS:美西航线(基本港)","S008618298","20231127",,,,"1025.62",,,,,"20/3/2025 09:53:34.620718+08"
"ee1e0330-0b69-4aa5-8592-8ab4ef86a5b0","SCFIS:美西航线(基本港)","S008618298","20231204",,,,"966.48",,,,,"20/3/2025 09:53:34.620718+08"
"ee1e0330-0b69-4aa5-8592-8ab4ef86a5b0","SCFIS:美西航线(基本港)","S008618298","20231211",,,,"977.78",,,,,"20/3/2025 09:53:34.620718+08"
"ee1e0330-0b69-4aa5-8592-8ab4ef86a5b0","SCFIS:美西航线(基本港)","S008618298","20231218",,,,"997",,,,,"20/3/2025 09:53:34.620718+08"
"ee1e0330-0b69-4aa5-8592-8ab4ef86a5b0","SCFIS:美西航线(基本港)","S008618298","20231225",,,,"1080.67",,,,,"20/3/2025 09:53:34.620718+08"
"ee1e0330-0b69-4aa5-8592-8ab4ef86a5b0","SCFIS:美西航线(基本港)","S008618298","20240101",,,,"1095.06",,,,,"20/3/2025 09:53:34.620718+08"
"ee1e0330-0b69-4aa5-8592-8ab4ef86a5b0","SCFIS:美西航线(基本港)","S008618298","20240108",,,,"1186.96",,,,,"20/3/2025 09:53:34.620718+08"
"ee1e0330-0b69-4aa5-8592-8ab4ef86a5b0","SCFIS:美西航线(基本港)","S008618298","20240115",,,,"1673.68",,,,,"20/3/2025 09:53:34.620718+08"
"ee1e0330-0b69-4aa5-8592-8ab4ef86a5b0","SCFIS:美西航线(基本港)","S008618298","20240122",,,,"1684",,,,,"20/3/2025 09:53:34.620718+08"
"ee1e0330-0b69-4aa5-8592-8ab4ef86a5b0","SCFIS:美西航线(基本港)","S008618298","20240129",,,,"2603.88",,,,,"20/3/2025 09:53:34.620718+08"
"ee1e0330-0b69-4aa5-8592-8ab4ef86a5b0","SCFIS:美西航线(基本港)","S008618298","20240205",,,,"2513.12",,,,,"20/3/2025 09:53:34.620718+08"
"ee1e0330-0b69-4aa5-8592-8ab4ef86a5b0","SCFIS:美西航线(基本港)","S008618298","20240212",,,,"2904.03",,,,,"20/3/2025 09:53:34.620718+08"
"ee1e0330-0b69-4aa5-8592-8ab4ef86a5b0","SCFIS:美西航线(基本港)","S008618298","20240219",,,,"2789.1",,,,,"20/3/2025 09:53:34.620718+08"
"ee1e0330-0b69-4aa5-8592-8ab4ef86a5b0","SCFIS:美西航线(基本港)","S008618298","20240226",,,,"2172.11",,,,,"20/3/2025 09:53:34.620718+08"
"ee1e0330-0b69-4aa5-8592-8ab4ef86a5b0","SCFIS:美西航线(基本港)","S008618298","20240304",,,,"2520.69",,,,,"20/3/2025 09:53:34.620718+08"
"ee1e0330-0b69-4aa5-8592-8ab4ef86a5b0","SCFIS:美西航线(基本港)","S008618298","20240311",,,,"2177.17",,,,,"20/3/2025 09:53:34.620718+08"
"ee1e0330-0b69-4aa5-8592-8ab4ef86a5b0","SCFIS:美西航线(基本港)","S008618298","20240318",,,,"2075.66",,,,,"20/3/2025 09:53:34.620718+08"
"ee1e0330-0b69-4aa5-8592-8ab4ef86a5b0","SCFIS:美西航线(基本港)","S008618298","20240325",,,,"2030.1",,,,,"20/3/2025 09:53:34.620718+08"
"ee1e0330-0b69-4aa5-8592-8ab4ef86a5b0","SCFIS:美西航线(基本港)","S008618298","20240401",,,,"1890.15",,,,,"20/3/2025 09:53:34.620718+08"
"ee1e0330-0b69-4aa5-8592-8ab4ef86a5b0","SCFIS:美西航线(基本港)","S008618298","20240408",,,,"1888.86",,,,,"20/3/2025 09:53:34.620718+08"
"ee1e0330-0b69-4aa5-8592-8ab4ef86a5b0","SCFIS:美西航线(基本港)","S008618298","20240415",,,,"1802.53",,,,,"20/3/2025 09:53:34.620718+08"
"ee1e0330-0b69-4aa5-8592-8ab4ef86a5b0","SCFIS:美西航线(基本港)","S008618298","20240422",,,,"1797.45",,,,,"20/3/2025 09:53:34.620718+08"
"ee1e0330-0b69-4aa5-8592-8ab4ef86a5b0","SCFIS:美西航线(基本港)","S008618298","20240429",,,,"1811.82",,,,,"20/3/2025 09:53:34.620718+08"
"ee1e0330-0b69-4aa5-8592-8ab4ef86a5b0","SCFIS:美西航线(基本港)","S008618298","20240506",,,,"1834.42",,,,,"20/3/2025 09:53:34.620718+08"
"ee1e0330-0b69-4aa5-8592-8ab4ef86a5b0","SCFIS:美西航线(基本港)","S008618298","20240513",,,,"2508",,,,,"20/3/2025 09:53:34.620718+08"
"ee1e0330-0b69-4aa5-8592-8ab4ef86a5b0","SCFIS:美西航线(基本港)","S008618298","20240520",,,,"2610.91",,,,,"20/3/2025 09:53:34.620718+08"
"ee1e0330-0b69-4aa5-8592-8ab4ef86a5b0","SCFIS:美西航线(基本港)","S008618298","20240527",,,,"3082.86",,,,,"20/3/2025 09:53:34.620718+08"
"ee1e0330-0b69-4aa5-8592-8ab4ef86a5b0","SCFIS:美西航线(基本港)","S008618298","20240603",,,,"3240.51",,,,,"20/3/2025 09:53:34.620718+08"
"ee1e0330-0b69-4aa5-8592-8ab4ef86a5b0","SCFIS:美西航线(基本港)","S008618298","20240610",,,,"3385.84",,,,,"20/3/2025 09:53:34.620718+08"
"ee1e0330-0b69-4aa5-8592-8ab4ef86a5b0","SCFIS:美西航线(基本港)","S008618298","20240617",,,,"3841.56",,,,,"20/3/2025 09:53:34.620718+08"
"ee1e0330-0b69-4aa5-8592-8ab4ef86a5b0","SCFIS:美西航线(基本港)","S008618298","20240624",,,,"4064.85",,,,,"20/3/2025 09:53:34.620718+08"
"ee1e0330-0b69-4aa5-8592-8ab4ef86a5b0","SCFIS:美西航线(基本港)","S008618298","20240701",,,,"4426.83",,,,,"20/3/2025 09:53:34.620718+08"
"ee1e0330-0b69-4aa5-8592-8ab4ef86a5b0","SCFIS:美西航线(基本港)","S008618298","20240708",,,,"4580.3",,,,,"20/3/2025 09:53:34.620718+08"
"ee1e0330-0b69-4aa5-8592-8ab4ef86a5b0","SCFIS:美西航线(基本港)","S008618298","20240715",,,,"4905.87",,,,,"20/3/2025 09:53:34.620718+08"
"ee1e0330-0b69-4aa5-8592-8ab4ef86a5b0","SCFIS:美西航线(基本港)","S008618298","20240722",,,,"4615.55",,,,,"20/3/2025 09:53:34.620718+08"
"ee1e0330-0b69-4aa5-8592-8ab4ef86a5b0","SCFIS:美西航线(基本港)","S008618298","20240729",,,,"4146.93",,,,,"20/3/2025 09:53:34.620718+08"
"ee1e0330-0b69-4aa5-8592-8ab4ef86a5b0","SCFIS:美西航线(基本港)","S008618298","20240805",,,,"4056.72",,,,,"20/3/2025 09:53:34.620718+08"
"ee1e0330-0b69-4aa5-8592-8ab4ef86a5b0","SCFIS:美西航线(基本港)","S008618298","20240812",,,,"3887.79",,,,,"20/3/2025 09:53:34.620718+08"
"ee1e0330-0b69-4aa5-8592-8ab4ef86a5b0","SCFIS:美西航线(基本港)","S008618298","20240819",,,,"3261.47",,,,,"20/3/2025 09:53:34.620718+08"
"ee1e0330-0b69-4aa5-8592-8ab4ef86a5b0","SCFIS:美西航线(基本港)","S008618298","20240826",,,,"3050.69",,,,,"20/3/2025 09:53:34.620718+08"
"ee1e0330-0b69-4aa5-8592-8ab4ef86a5b0","SCFIS:美西航线(基本港)","S008618298","20240902",,,,"3012.79",,,,,"20/3/2025 09:53:34.620718+08"
"ee1e0330-0b69-4aa5-8592-8ab4ef86a5b0","SCFIS:美西航线(基本港)","S008618298","20240909",,,,"2805.22",,,,,"20/3/2025 09:53:34.620718+08"
"ee1e0330-0b69-4aa5-8592-8ab4ef86a5b0","SCFIS:美西航线(基本港)","S008618298","20240916",,,,"3055.45",,,,,"20/3/2025 09:53:34.620718+08"
"ee1e0330-0b69-4aa5-8592-8ab4ef86a5b0","SCFIS:美西航线(基本港)","S008618298","20240923",,,,"3105.52",,,,,"20/3/2025 09:53:34.620718+08"
"ee1e0330-0b69-4aa5-8592-8ab4ef86a5b0","SCFIS:美西航线(基本港)","S008618298","20240930",,,,"2868.75",,,,,"19/3/2025 17:57:31.582478+08"
"ee1e0330-0b69-4aa5-8592-8ab4ef86a5b0","SCFIS:美西航线(基本港)","S008618298","20241007",,,,"2787.6",,,,,"19/3/2025 17:57:31.582478+08"
"ee1e0330-0b69-4aa5-8592-8ab4ef86a5b0","SCFIS:美西航线(基本港)","S008618298","20241014",,,,"2718.64",,,,,"19/3/2025 17:57:31.582478+08"
"ee1e0330-0b69-4aa5-8592-8ab4ef86a5b0","SCFIS:美西航线(基本港)","S008618298","20241021",,,,"2712.25",,,,,"19/3/2025 17:57:31.582478+08"
"ee1e0330-0b69-4aa5-8592-8ab4ef86a5b0","SCFIS:美西航线(基本港)","S008618298","20241028",,,,"2817.72",,,,,"19/3/2025 17:57:31.582478+08"
"ee1e0330-0b69-4aa5-8592-8ab4ef86a5b0","SCFIS:美西航线(基本港)","S008618298","20241104",,,,"2779.01",,,,,"19/3/2025 17:57:31.582478+08"
"ee1e0330-0b69-4aa5-8592-8ab4ef86a5b0","SCFIS:美西航线(基本港)","S008618298","20241111",,,,"2819.48",,,,,"19/3/2025 17:57:31.582478+08"
"ee1e0330-0b69-4aa5-8592-8ab4ef86a5b0","SCFIS:美西航线(基本港)","S008618298","20241118",,,,"2443.04",,,,,"19/3/2025 17:57:31.582478+08"
"ee1e0330-0b69-4aa5-8592-8ab4ef86a5b0","SCFIS:美西航线(基本港)","S008618298","20241125",,,,"1961.49",,,,,"19/3/2025 17:57:31.582478+08"
"ee1e0330-0b69-4aa5-8592-8ab4ef86a5b0","SCFIS:美西航线(基本港)","S008618298","20241202",,,,"1717.87",,,,,"19/3/2025 17:57:31.582478+08"
"ee1e0330-0b69-4aa5-8592-8ab4ef86a5b0","SCFIS:美西航线(基本港)","S008618298","20241209",,,,"1602.83",,,,,"19/3/2025 17:57:31.582478+08"
"ee1e0330-0b69-4aa5-8592-8ab4ef86a5b0","SCFIS:美西航线(基本港)","S008618298","20241216",,,,"1498.64",,,,,"19/3/2025 17:57:31.582478+08"
"ee1e0330-0b69-4aa5-8592-8ab4ef86a5b0","SCFIS:美西航线(基本港)","S008618298","20241223",,,,"1821.18",,,,,"19/3/2025 17:57:31.582478+08"
"ee1e0330-0b69-4aa5-8592-8ab4ef86a5b0","SCFIS:美西航线(基本港)","S008618298","20241230",,,,"2560.88",,,,,"19/3/2025 17:57:31.582478+08"
"ee1e0330-0b69-4aa5-8592-8ab4ef86a5b0","SCFIS:美西航线(基本港)","S008618298","20250106",,,,"2822.46",,,,,"19/3/2025 17:57:31.582478+08"
"ee1e0330-0b69-4aa5-8592-8ab4ef86a5b0","SCFIS:美西航线(基本港)","S008618298","20250113",,,,"3210.93",,,,,"19/3/2025 17:47:54.852536+08"
"ee1e0330-0b69-4aa5-8592-8ab4ef86a5b0","SCFIS:美西航线(基本港)","S008618298","20250120",,,,"2444.77",,,,,"19/3/2025 17:47:54.852536+08"
"ee1e0330-0b69-4aa5-8592-8ab4ef86a5b0","SCFIS:美西航线(基本港)","S008618298","20250127",,,,"2651.96",,,,,"19/3/2025 17:47:54.852536+08"
"ee1e0330-0b69-4aa5-8592-8ab4ef86a5b0","SCFIS:美西航线(基本港)","S008618298","20250203",,,,"2460.73",,,,,"19/3/2025 17:47:54.852536+08"
"ee1e0330-0b69-4aa5-8592-8ab4ef86a5b0","SCFIS:美西航线(基本港)","S008618298","20250210",,,,"2246.96",,,,,"19/3/2025 17:47:54.852536+08"
"ee1e0330-0b69-4aa5-8592-8ab4ef86a5b0","SCFIS:美西航线(基本港)","S008618298","20250217",,,,"1931.49",,,,,"19/3/2025 17:47:54.852536+08"
"ee1e0330-0b69-4aa5-8592-8ab4ef86a5b0","SCFIS:美西航线(基本港)","S008618298","20250224",,,,"1851.41",,,,,"19/3/2025 17:47:54.852536+08"
"ee1e0330-0b69-4aa5-8592-8ab4ef86a5b0","SCFIS:美西航线(基本港)","S008618298","20250303",,,,"1599.94",,,,,"19/3/2025 17:47:54.852536+08"
"ee1e0330-0b69-4aa5-8592-8ab4ef86a5b0","SCFIS:美西航线(基本港)","S008618298","20250310",,,,"1506.59",,,,,"19/3/2025 17:47:54.852536+08"
"ee1e0330-0b69-4aa5-8592-8ab4ef86a5b0","SCFIS:美西航线(基本港)","S008618298","20250317",,,,"1260.05",,,,,"19/3/2025 17:47:54.852536+08"
"ee1e0330-0b69-4aa5-8592-8ab4ef86a5b0","SCFIS:美西航线(基本港)","S008618298","20250324",,,,"1152.74",,,,,"24/3/2025 15:10:01+08"
"ee1e0330-0b69-4aa5-8592-8ab4ef86a5b0","SCFIS:美西航线(基本港)","S008618298","20250331",,,,"1089.16",,,,,"31/3/2025 15:10:00+08"
"ee1e0330-0b69-4aa5-8592-8ab4ef86a5b0","SCFIS:美西航线(基本港)","S008618298","20250407",,,,"1129.45",,,,,"7/4/2025 15:19:09+08"
"ee1e0330-0b69-4aa5-8592-8ab4ef86a5b0","SCFIS:美西航线(基本港)","S008618298","20250414",,,,"1587.84",,,,,"14/4/2025 15:10:00+08"
"ee1e0330-0b69-4aa5-8592-8ab4ef86a5b0","SCFIS:美西航线(基本港)","S008618298","20250421",,,,"1368.41",,,,,"21/4/2025 15:10:00+08"
"ee1e0330-0b69-4aa5-8592-8ab4ef86a5b0","SCFIS:美西航线(基本港)","S008618298","20250428",,,,"1230.28",,,,,"28/4/2025 15:10:00+08"
"ee1e0330-0b69-4aa5-8592-8ab4ef86a5b0","SCFIS:美西航线(基本港)","S008618298","20250505",,,,"1320.69",,,,,"6/5/2025 18:12:25+08"
"ee1e0330-0b69-4aa5-8592-8ab4ef86a5b0","SCFIS:美西航线(基本港)","S008618298","20250512",,,,"1455.31",,,,,"12/5/2025 15:21:09+08"
"ee1e0330-0b69-4aa5-8592-8ab4ef86a5b0","SCFIS:美西航线(基本港)","S008618298","20250519",,,,"1446.36",,,,,"20/5/2025 10:06:23+08"
"ee1e0330-0b69-4aa5-8592-8ab4ef86a5b0","SCFIS:美西航线(基本港)","S008618298","20250526",,,,"1719.79",,,,,"26/5/2025 15:10:00+08"
"ee1e0330-0b69-4aa5-8592-8ab4ef86a5b0","SCFIS:美西航线(基本港)","S008618298","20250602",,,,"1718.11",,,,,"2/6/2025 15:10:00+08"
