"index_desc","date","close"
"现货价:原油:美国西德克萨斯中级轻质原油(WTI)","20220103","76.08"
"现货价:原油:美国西德克萨斯中级轻质原油(WTI)","20220104","76.99"
"现货价:原油:美国西德克萨斯中级轻质原油(WTI)","20220105","77.85"
"现货价:原油:美国西德克萨斯中级轻质原油(WTI)","20220106","79.46"
"现货价:原油:美国西德克萨斯中级轻质原油(WTI)","20220107","78.9"
"现货价:原油:美国西德克萨斯中级轻质原油(WTI)","20220110","78.23"
"现货价:原油:美国西德克萨斯中级轻质原油(WTI)","20220111","81.22"
"现货价:原油:美国西德克萨斯中级轻质原油(WTI)","20220112","82.64"
"现货价:原油:美国西德克萨斯中级轻质原油(WTI)","20220113","82.12"
"现货价:原油:美国西德克萨斯中级轻质原油(WTI)","20220114","83.82"
"现货价:原油:美国西德克萨斯中级轻质原油(WTI)","20220117","84.29"
"现货价:原油:美国西德克萨斯中级轻质原油(WTI)","20220118","85.43"
"现货价:原油:美国西德克萨斯中级轻质原油(WTI)","20220119","86.96"
"现货价:原油:美国西德克萨斯中级轻质原油(WTI)","20220120","85.55"
"现货价:原油:美国西德克萨斯中级轻质原油(WTI)","20220121","85.14"
"现货价:原油:美国西德克萨斯中级轻质原油(WTI)","20220124","83.31"
"现货价:原油:美国西德克萨斯中级轻质原油(WTI)","20220125","85.6"
"现货价:原油:美国西德克萨斯中级轻质原油(WTI)","20220126","87.35"
"现货价:原油:美国西德克萨斯中级轻质原油(WTI)","20220127","86.61"
"现货价:原油:美国西德克萨斯中级轻质原油(WTI)","20220128","86.82"
"现货价:原油:美国西德克萨斯中级轻质原油(WTI)","20220131","88.15"
"现货价:原油:美国西德克萨斯中级轻质原油(WTI)","20220201","88.2"
"现货价:原油:美国西德克萨斯中级轻质原油(WTI)","20220202","88.26"
"现货价:原油:美国西德克萨斯中级轻质原油(WTI)","20220203","90.27"
"现货价:原油:美国西德克萨斯中级轻质原油(WTI)","20220204","92.31"
"现货价:原油:美国西德克萨斯中级轻质原油(WTI)","20220207","91.32"
"现货价:原油:美国西德克萨斯中级轻质原油(WTI)","20220208","89.36"
"现货价:原油:美国西德克萨斯中级轻质原油(WTI)","20220209","89.66"
"现货价:原油:美国西德克萨斯中级轻质原油(WTI)","20220210","89.88"
"现货价:原油:美国西德克萨斯中级轻质原油(WTI)","20220211","93.1"
"现货价:原油:美国西德克萨斯中级轻质原油(WTI)","20220214","95.46"
"现货价:原油:美国西德克萨斯中级轻质原油(WTI)","20220215","92.07"
"现货价:原油:美国西德克萨斯中级轻质原油(WTI)","20220216","93.66"
"现货价:原油:美国西德克萨斯中级轻质原油(WTI)","20220217","91.76"
"现货价:原油:美国西德克萨斯中级轻质原油(WTI)","20220218","91.07"
"现货价:原油:美国西德克萨斯中级轻质原油(WTI)","20220221","91.59"
"现货价:原油:美国西德克萨斯中级轻质原油(WTI)","20220222","91.91"
"现货价:原油:美国西德克萨斯中级轻质原油(WTI)","20220223","92.1"
"现货价:原油:美国西德克萨斯中级轻质原油(WTI)","20220224","92.81"
"现货价:原油:美国西德克萨斯中级轻质原油(WTI)","20220225","91.59"
"现货价:原油:美国西德克萨斯中级轻质原油(WTI)","20220228","95.72"
"现货价:原油:美国西德克萨斯中级轻质原油(WTI)","20220301","103.41"
"现货价:原油:美国西德克萨斯中级轻质原油(WTI)","20220302","110.6"
"现货价:原油:美国西德克萨斯中级轻质原油(WTI)","20220303","107.67"
"现货价:原油:美国西德克萨斯中级轻质原油(WTI)","20220304","115.68"
"现货价:原油:美国西德克萨斯中级轻质原油(WTI)","20220307","119.4"
"现货价:原油:美国西德克萨斯中级轻质原油(WTI)","20220308","123.7"
"现货价:原油:美国西德克萨斯中级轻质原油(WTI)","20220309","108.7"
"现货价:原油:美国西德克萨斯中级轻质原油(WTI)","20220310","106.02"
"现货价:原油:美国西德克萨斯中级轻质原油(WTI)","20220311","109.33"
"现货价:原油:美国西德克萨斯中级轻质原油(WTI)","20220314","103.01"
"现货价:原油:美国西德克萨斯中级轻质原油(WTI)","20220315","96.44"
"现货价:原油:美国西德克萨斯中级轻质原油(WTI)","20220316","95.04"
"现货价:原油:美国西德克萨斯中级轻质原油(WTI)","20220317","102.98"
"现货价:原油:美国西德克萨斯中级轻质原油(WTI)","20220318","104.7"
"现货价:原油:美国西德克萨斯中级轻质原油(WTI)","20220321","112.12"
"现货价:原油:美国西德克萨斯中级轻质原油(WTI)","20220322","109.27"
"现货价:原油:美国西德克萨斯中级轻质原油(WTI)","20220323","114.93"
"现货价:原油:美国西德克萨斯中级轻质原油(WTI)","20220324","112.34"
"现货价:原油:美国西德克萨斯中级轻质原油(WTI)","20220325","113.9"
"现货价:原油:美国西德克萨斯中级轻质原油(WTI)","20220328","105.96"
"现货价:原油:美国西德克萨斯中级轻质原油(WTI)","20220329","104.24"
"现货价:原油:美国西德克萨斯中级轻质原油(WTI)","20220330","107.82"
"现货价:原油:美国西德克萨斯中级轻质原油(WTI)","20220331","100.28"
"现货价:原油:美国西德克萨斯中级轻质原油(WTI)","20220401","99.27"
"现货价:原油:美国西德克萨斯中级轻质原油(WTI)","20220404","103.28"
"现货价:原油:美国西德克萨斯中级轻质原油(WTI)","20220405","101.96"
"现货价:原油:美国西德克萨斯中级轻质原油(WTI)","20220406","96.23"
"现货价:原油:美国西德克萨斯中级轻质原油(WTI)","20220407","96.03"
"现货价:原油:美国西德克萨斯中级轻质原油(WTI)","20220408","98.26"
"现货价:原油:美国西德克萨斯中级轻质原油(WTI)","20220411","94.29"
"现货价:原油:美国西德克萨斯中级轻质原油(WTI)","20220412","100.6"
"现货价:原油:美国西德克萨斯中级轻质原油(WTI)","20220413","104.25"
"现货价:原油:美国西德克萨斯中级轻质原油(WTI)","20220414","106.95"
"现货价:原油:美国西德克萨斯中级轻质原油(WTI)","20220418","108.21"
"现货价:原油:美国西德克萨斯中级轻质原油(WTI)","20220419","102.56"
"现货价:原油:美国西德克萨斯中级轻质原油(WTI)","20220420","102.19"
"现货价:原油:美国西德克萨斯中级轻质原油(WTI)","20220421","103.79"
"现货价:原油:美国西德克萨斯中级轻质原油(WTI)","20220422","102.07"
"现货价:原油:美国西德克萨斯中级轻质原油(WTI)","20220425","98.54"
"现货价:原油:美国西德克萨斯中级轻质原油(WTI)","20220426","101.7"
"现货价:原油:美国西德克萨斯中级轻质原油(WTI)","20220427","102.02"
"现货价:原油:美国西德克萨斯中级轻质原油(WTI)","20220428","105.36"
"现货价:原油:美国西德克萨斯中级轻质原油(WTI)","20220429","104.69"
"现货价:原油:美国西德克萨斯中级轻质原油(WTI)","20220502","105.17"
"现货价:原油:美国西德克萨斯中级轻质原油(WTI)","20220503","102.41"
"现货价:原油:美国西德克萨斯中级轻质原油(WTI)","20220504","107.81"
"现货价:原油:美国西德克萨斯中级轻质原油(WTI)","20220505","108.26"
"现货价:原油:美国西德克萨斯中级轻质原油(WTI)","20220506","109.77"
"现货价:原油:美国西德克萨斯中级轻质原油(WTI)","20220509","103.09"
"现货价:原油:美国西德克萨斯中级轻质原油(WTI)","20220510","99.76"
"现货价:原油:美国西德克萨斯中级轻质原油(WTI)","20220511","105.71"
"现货价:原油:美国西德克萨斯中级轻质原油(WTI)","20220512","106.13"
"现货价:原油:美国西德克萨斯中级轻质原油(WTI)","20220513","110.49"
"现货价:原油:美国西德克萨斯中级轻质原油(WTI)","20220516","114.2"
"现货价:原油:美国西德克萨斯中级轻质原油(WTI)","20220517","112.4"
"现货价:原油:美国西德克萨斯中级轻质原油(WTI)","20220518","109.59"
"现货价:原油:美国西德克萨斯中级轻质原油(WTI)","20220519","112.21"
"现货价:原油:美国西德克萨斯中级轻质原油(WTI)","20220520","110.28"
"现货价:原油:美国西德克萨斯中级轻质原油(WTI)","20220523","110.29"
"现货价:原油:美国西德克萨斯中级轻质原油(WTI)","20220524","109.77"
"现货价:原油:美国西德克萨斯中级轻质原油(WTI)","20220525","110.33"
"现货价:原油:美国西德克萨斯中级轻质原油(WTI)","20220526","114.09"
"现货价:原油:美国西德克萨斯中级轻质原油(WTI)","20220527","115.07"
"现货价:原油:美国西德克萨斯中级轻质原油(WTI)","20220530","116.86"
"现货价:原油:美国西德克萨斯中级轻质原油(WTI)","20220531","114.67"
"现货价:原油:美国西德克萨斯中级轻质原油(WTI)","20220601","115.26"
"现货价:原油:美国西德克萨斯中级轻质原油(WTI)","20220602","116.87"
"现货价:原油:美国西德克萨斯中级轻质原油(WTI)","20220603","118.87"
"现货价:原油:美国西德克萨斯中级轻质原油(WTI)","20220606","118.5"
"现货价:原油:美国西德克萨斯中级轻质原油(WTI)","20220607","119.41"
"现货价:原油:美国西德克萨斯中级轻质原油(WTI)","20220608","122.11"
"现货价:原油:美国西德克萨斯中级轻质原油(WTI)","20220609","121.51"
"现货价:原油:美国西德克萨斯中级轻质原油(WTI)","20220610","120.67"
"现货价:原油:美国西德克萨斯中级轻质原油(WTI)","20220613","120.93"
"现货价:原油:美国西德克萨斯中级轻质原油(WTI)","20220614","118.93"
"现货价:原油:美国西德克萨斯中级轻质原油(WTI)","20220615","115.31"
"现货价:原油:美国西德克萨斯中级轻质原油(WTI)","20220616","117.59"
"现货价:原油:美国西德克萨斯中级轻质原油(WTI)","20220617","109.56"
"现货价:原油:美国西德克萨斯中级轻质原油(WTI)","20220621","109.52"
"现货价:原油:美国西德克萨斯中级轻质原油(WTI)","20220622","106.19"
"现货价:原油:美国西德克萨斯中级轻质原油(WTI)","20220623","104.27"
"现货价:原油:美国西德克萨斯中级轻质原油(WTI)","20220624","107.62"
"现货价:原油:美国西德克萨斯中级轻质原油(WTI)","20220627","109.57"
"现货价:原油:美国西德克萨斯中级轻质原油(WTI)","20220628","111.76"
"现货价:原油:美国西德克萨斯中级轻质原油(WTI)","20220629","109.78"
"现货价:原油:美国西德克萨斯中级轻质原油(WTI)","20220630","105.76"
"现货价:原油:美国西德克萨斯中级轻质原油(WTI)","20220701","108.43"
"现货价:原油:美国西德克萨斯中级轻质原油(WTI)","20220704","110.41"
"现货价:原油:美国西德克萨斯中级轻质原油(WTI)","20220705","99.5"
"现货价:原油:美国西德克萨斯中级轻质原油(WTI)","20220706","98.53"
"现货价:原油:美国西德克萨斯中级轻质原油(WTI)","20220707","102.73"
"现货价:原油:美国西德克萨斯中级轻质原油(WTI)","20220708","104.79"
"现货价:原油:美国西德克萨斯中级轻质原油(WTI)","20220711","104.09"
"现货价:原油:美国西德克萨斯中级轻质原油(WTI)","20220712","95.84"
"现货价:原油:美国西德克萨斯中级轻质原油(WTI)","20220713","96.3"
"现货价:原油:美国西德克萨斯中级轻质原油(WTI)","20220714","95.78"
"现货价:原油:美国西德克萨斯中级轻质原油(WTI)","20220715","97.59"
"现货价:原油:美国西德克萨斯中级轻质原油(WTI)","20220718","102.6"
"现货价:原油:美国西德克萨斯中级轻质原油(WTI)","20220719","104.22"
"现货价:原油:美国西德克萨斯中级轻质原油(WTI)","20220720","99.88"
"现货价:原油:美国西德克萨斯中级轻质原油(WTI)","20220721","96.35"
"现货价:原油:美国西德克萨斯中级轻质原油(WTI)","20220722","94.7"
"现货价:原油:美国西德克萨斯中级轻质原油(WTI)","20220725","96.7"
"现货价:原油:美国西德克萨斯中级轻质原油(WTI)","20220726","94.98"
"现货价:原油:美国西德克萨斯中级轻质原油(WTI)","20220727","97.26"
"现货价:原油:美国西德克萨斯中级轻质原油(WTI)","20220728","96.42"
"现货价:原油:美国西德克萨斯中级轻质原油(WTI)","20220729","98.62"
"现货价:原油:美国西德克萨斯中级轻质原油(WTI)","20220801","93.89"
"现货价:原油:美国西德克萨斯中级轻质原油(WTI)","20220802","94.42"
"现货价:原油:美国西德克萨斯中级轻质原油(WTI)","20220803","90.66"
"现货价:原油:美国西德克萨斯中级轻质原油(WTI)","20220804","88.54"
"现货价:原油:美国西德克萨斯中级轻质原油(WTI)","20220805","89.01"
"现货价:原油:美国西德克萨斯中级轻质原油(WTI)","20220808","90.76"
"现货价:原油:美国西德克萨斯中级轻质原油(WTI)","20220809","90.5"
"现货价:原油:美国西德克萨斯中级轻质原油(WTI)","20220810","91.93"
"现货价:原油:美国西德克萨斯中级轻质原油(WTI)","20220811","94.34"
"现货价:原油:美国西德克萨斯中级轻质原油(WTI)","20220812","92.09"
"现货价:原油:美国西德克萨斯中级轻质原油(WTI)","20220815","89.41"
"现货价:原油:美国西德克萨斯中级轻质原油(WTI)","20220816","86.53"
"现货价:原油:美国西德克萨斯中级轻质原油(WTI)","20220817","88.11"
"现货价:原油:美国西德克萨斯中级轻质原油(WTI)","20220818","90.5"
"现货价:原油:美国西德克萨斯中级轻质原油(WTI)","20220819","90.77"
"现货价:原油:美国西德克萨斯中级轻质原油(WTI)","20220822","90.36"
"现货价:原油:美国西德克萨斯中级轻质原油(WTI)","20220823","93.74"
"现货价:原油:美国西德克萨斯中级轻质原油(WTI)","20220824","94.89"
"现货价:原油:美国西德克萨斯中级轻质原油(WTI)","20220825","92.52"
"现货价:原油:美国西德克萨斯中级轻质原油(WTI)","20220826","93.06"
"现货价:原油:美国西德克萨斯中级轻质原油(WTI)","20220829","97.01"
"现货价:原油:美国西德克萨斯中级轻质原油(WTI)","20220830","91.64"
"现货价:原油:美国西德克萨斯中级轻质原油(WTI)","20220831","89.55"
"现货价:原油:美国西德克萨斯中级轻质原油(WTI)","20220901","86.61"
"现货价:原油:美国西德克萨斯中级轻质原油(WTI)","20220902","86.87"
"现货价:原油:美国西德克萨斯中级轻质原油(WTI)","20220905","89.24"
"现货价:原油:美国西德克萨斯中级轻质原油(WTI)","20220906","86.88"
"现货价:原油:美国西德克萨斯中级轻质原油(WTI)","20220907","81.94"
"现货价:原油:美国西德克萨斯中级轻质原油(WTI)","20220908","83.54"
"现货价:原油:美国西德克萨斯中级轻质原油(WTI)","20220909","86.79"
"现货价:原油:美国西德克萨斯中级轻质原油(WTI)","20220912","87.78"
"现货价:原油:美国西德克萨斯中级轻质原油(WTI)","20220913","87.31"
"现货价:原油:美国西德克萨斯中级轻质原油(WTI)","20220914","88.48"
"现货价:原油:美国西德克萨斯中级轻质原油(WTI)","20220915","85.1"
"现货价:原油:美国西德克萨斯中级轻质原油(WTI)","20220916","85.11"
"现货价:原油:美国西德克萨斯中级轻质原油(WTI)","20220919","85.73"
"现货价:原油:美国西德克萨斯中级轻质原油(WTI)","20220920","83.94"
"现货价:原油:美国西德克萨斯中级轻质原油(WTI)","20220921","82.94"
"现货价:原油:美国西德克萨斯中级轻质原油(WTI)","20220922","83.49"
"现货价:原油:美国西德克萨斯中级轻质原油(WTI)","20220923","78.74"
"现货价:原油:美国西德克萨斯中级轻质原油(WTI)","20220926","76.71"
"现货价:原油:美国西德克萨斯中级轻质原油(WTI)","20220927","78.5"
"现货价:原油:美国西德克萨斯中级轻质原油(WTI)","20220928","82.15"
"现货价:原油:美国西德克萨斯中级轻质原油(WTI)","20220929","81.23"
"现货价:原油:美国西德克萨斯中级轻质原油(WTI)","20220930","79.49"
"现货价:原油:美国西德克萨斯中级轻质原油(WTI)","20221003","83.63"
"现货价:原油:美国西德克萨斯中级轻质原油(WTI)","20221004","86.52"
"现货价:原油:美国西德克萨斯中级轻质原油(WTI)","20221005","87.76"
"现货价:原油:美国西德克萨斯中级轻质原油(WTI)","20221006","88.45"
"现货价:原油:美国西德克萨斯中级轻质原油(WTI)","20221007","92.64"
"现货价:原油:美国西德克萨斯中级轻质原油(WTI)","20221010","91.13"
"现货价:原油:美国西德克萨斯中级轻质原油(WTI)","20221011","89.35"
"现货价:原油:美国西德克萨斯中级轻质原油(WTI)","20221012","87.27"
"现货价:原油:美国西德克萨斯中级轻质原油(WTI)","20221013","89.11"
"现货价:原油:美国西德克萨斯中级轻质原油(WTI)","20221014","85.61"
"现货价:原油:美国西德克萨斯中级轻质原油(WTI)","20221017","85.46"
"现货价:原油:美国西德克萨斯中级轻质原油(WTI)","20221018","82.82"
"现货价:原油:美国西德克萨斯中级轻质原油(WTI)","20221019","85.55"
"现货价:原油:美国西德克萨斯中级轻质原油(WTI)","20221020","84.51"
"现货价:原油:美国西德克萨斯中级轻质原油(WTI)","20221021","85.05"
"现货价:原油:美国西德克萨斯中级轻质原油(WTI)","20221024","84.58"
"现货价:原油:美国西德克萨斯中级轻质原油(WTI)","20221025","85.32"
"现货价:原油:美国西德克萨斯中级轻质原油(WTI)","20221026","87.91"
"现货价:原油:美国西德克萨斯中级轻质原油(WTI)","20221027","89.08"
"现货价:原油:美国西德克萨斯中级轻质原油(WTI)","20221028","87.9"
"现货价:原油:美国西德克萨斯中级轻质原油(WTI)","20221031","86.53"
"现货价:原油:美国西德克萨斯中级轻质原油(WTI)","20221101","88.37"
"现货价:原油:美国西德克萨斯中级轻质原油(WTI)","20221102","90"
"现货价:原油:美国西德克萨斯中级轻质原油(WTI)","20221103","88.17"
"现货价:原油:美国西德克萨斯中级轻质原油(WTI)","20221104","92.61"
"现货价:原油:美国西德克萨斯中级轻质原油(WTI)","20221107","91.79"
"现货价:原油:美国西德克萨斯中级轻质原油(WTI)","20221108","88.91"
"现货价:原油:美国西德克萨斯中级轻质原油(WTI)","20221109","85.83"
"现货价:原油:美国西德克萨斯中级轻质原油(WTI)","20221110","86.47"
"现货价:原油:美国西德克萨斯中级轻质原油(WTI)","20221111","88.96"
"现货价:原油:美国西德克萨斯中级轻质原油(WTI)","20221114","85.87"
"现货价:原油:美国西德克萨斯中级轻质原油(WTI)","20221115","86.92"
"现货价:原油:美国西德克萨斯中级轻质原油(WTI)","20221116","85.59"
"现货价:原油:美国西德克萨斯中级轻质原油(WTI)","20221117","81.64"
"现货价:原油:美国西德克萨斯中级轻质原油(WTI)","20221118","80.08"
"现货价:原油:美国西德克萨斯中级轻质原油(WTI)","20221121","80.04"
"现货价:原油:美国西德克萨斯中级轻质原油(WTI)","20221122","80.95"
"现货价:原油:美国西德克萨斯中级轻质原油(WTI)","20221123","77.94"
"现货价:原油:美国西德克萨斯中级轻质原油(WTI)","20221124","78.08"
"现货价:原油:美国西德克萨斯中级轻质原油(WTI)","20221125","76.28"
"现货价:原油:美国西德克萨斯中级轻质原油(WTI)","20221128","77.24"
"现货价:原油:美国西德克萨斯中级轻质原油(WTI)","20221129","78.2"
"现货价:原油:美国西德克萨斯中级轻质原油(WTI)","20221130","80.55"
"现货价:原油:美国西德克萨斯中级轻质原油(WTI)","20221201","81.22"
"现货价:原油:美国西德克萨斯中级轻质原油(WTI)","20221202","79.98"
"现货价:原油:美国西德克萨斯中级轻质原油(WTI)","20221205","76.93"
"现货价:原油:美国西德克萨斯中级轻质原油(WTI)","20221206","74.25"
"现货价:原油:美国西德克萨斯中级轻质原油(WTI)","20221207","72.01"
"现货价:原油:美国西德克萨斯中级轻质原油(WTI)","20221208","71.46"
"现货价:原油:美国西德克萨斯中级轻质原油(WTI)","20221209","71.02"
"现货价:原油:美国西德克萨斯中级轻质原油(WTI)","20221212","73.17"
"现货价:原油:美国西德克萨斯中级轻质原油(WTI)","20221213","75.39"
"现货价:原油:美国西德克萨斯中级轻质原油(WTI)","20221214","77.28"
"现货价:原油:美国西德克萨斯中级轻质原油(WTI)","20221215","76.11"
"现货价:原油:美国西德克萨斯中级轻质原油(WTI)","20221216","74.29"
"现货价:原油:美国西德克萨斯中级轻质原油(WTI)","20221219","75.19"
"现货价:原油:美国西德克萨斯中级轻质原油(WTI)","20221220","76.23"
"现货价:原油:美国西德克萨斯中级轻质原油(WTI)","20221221","78.29"
"现货价:原油:美国西德克萨斯中级轻质原油(WTI)","20221222","77.49"
"现货价:原油:美国西德克萨斯中级轻质原油(WTI)","20221223","79.56"
"现货价:原油:美国西德克萨斯中级轻质原油(WTI)","20221227","79.53"
"现货价:原油:美国西德克萨斯中级轻质原油(WTI)","20221228","78.96"
"现货价:原油:美国西德克萨斯中级轻质原油(WTI)","20221229","78.4"
"现货价:原油:美国西德克萨斯中级轻质原油(WTI)","20221230","80.26"
"现货价:原油:美国西德克萨斯中级轻质原油(WTI)","20230103","76.93"
"现货价:原油:美国西德克萨斯中级轻质原油(WTI)","20230104","72.84"
"现货价:原油:美国西德克萨斯中级轻质原油(WTI)","20230105","73.67"
"现货价:原油:美国西德克萨斯中级轻质原油(WTI)","20230106","73.77"
"现货价:原油:美国西德克萨斯中级轻质原油(WTI)","20230109","74.63"
"现货价:原油:美国西德克萨斯中级轻质原油(WTI)","20230110","75.12"
"现货价:原油:美国西德克萨斯中级轻质原油(WTI)","20230111","77.41"
"现货价:原油:美国西德克萨斯中级轻质原油(WTI)","20230112","78.39"
"现货价:原油:美国西德克萨斯中级轻质原油(WTI)","20230113","79.86"
"现货价:原油:美国西德克萨斯中级轻质原油(WTI)","20230116","79.07"
"现货价:原油:美国西德克萨斯中级轻质原油(WTI)","20230117","80.18"
"现货价:原油:美国西德克萨斯中级轻质原油(WTI)","20230118","79.48"
"现货价:原油:美国西德克萨斯中级轻质原油(WTI)","20230119","80.33"
"现货价:原油:美国西德克萨斯中级轻质原油(WTI)","20230120","81.64"
"现货价:原油:美国西德克萨斯中级轻质原油(WTI)","20230123","81.62"
"现货价:原油:美国西德克萨斯中级轻质原油(WTI)","20230124","80.13"
"现货价:原油:美国西德克萨斯中级轻质原油(WTI)","20230125","80.15"
"现货价:原油:美国西德克萨斯中级轻质原油(WTI)","20230126","81.01"
"现货价:原油:美国西德克萨斯中级轻质原油(WTI)","20230127","79.68"
"现货价:原油:美国西德克萨斯中级轻质原油(WTI)","20230130","77.9"
"现货价:原油:美国西德克萨斯中级轻质原油(WTI)","20230131","78.87"
"现货价:原油:美国西德克萨斯中级轻质原油(WTI)","20230201","76.41"
"现货价:原油:美国西德克萨斯中级轻质原油(WTI)","20230202","75.88"
"现货价:原油:美国西德克萨斯中级轻质原油(WTI)","20230203","73.39"
"现货价:原油:美国西德克萨斯中级轻质原油(WTI)","20230206","74.11"
"现货价:原油:美国西德克萨斯中级轻质原油(WTI)","20230207","77.14"
"现货价:原油:美国西德克萨斯中级轻质原油(WTI)","20230208","78.47"
"现货价:原油:美国西德克萨斯中级轻质原油(WTI)","20230209","78.06"
"现货价:原油:美国西德克萨斯中级轻质原油(WTI)","20230210","79.72"
"现货价:原油:美国西德克萨斯中级轻质原油(WTI)","20230213","80.14"
"现货价:原油:美国西德克萨斯中级轻质原油(WTI)","20230214","79.06"
"现货价:原油:美国西德克萨斯中级轻质原油(WTI)","20230215","78.59"
"现货价:原油:美国西德克萨斯中级轻质原油(WTI)","20230216","78.49"
"现货价:原油:美国西德克萨斯中级轻质原油(WTI)","20230217","76.34"
"现货价:原油:美国西德克萨斯中级轻质原油(WTI)","20230220","77.48"
"现货价:原油:美国西德克萨斯中级轻质原油(WTI)","20230221","76.36"
"现货价:原油:美国西德克萨斯中级轻质原油(WTI)","20230222","73.95"
"现货价:原油:美国西德克萨斯中级轻质原油(WTI)","20230223","75.39"
"现货价:原油:美国西德克萨斯中级轻质原油(WTI)","20230224","76.32"
"现货价:原油:美国西德克萨斯中级轻质原油(WTI)","20230227","75.68"
"现货价:原油:美国西德克萨斯中级轻质原油(WTI)","20230228","77.05"
"现货价:原油:美国西德克萨斯中级轻质原油(WTI)","20230301","77.69"
"现货价:原油:美国西德克萨斯中级轻质原油(WTI)","20230302","78.16"
"现货价:原油:美国西德克萨斯中级轻质原油(WTI)","20230303","79.68"
"现货价:原油:美国西德克萨斯中级轻质原油(WTI)","20230306","80.46"
"现货价:原油:美国西德克萨斯中级轻质原油(WTI)","20230307","77.58"
"现货价:原油:美国西德克萨斯中级轻质原油(WTI)","20230308","76.66"
"现货价:原油:美国西德克萨斯中级轻质原油(WTI)","20230309","75.72"
"现货价:原油:美国西德克萨斯中级轻质原油(WTI)","20230310","76.68"
"现货价:原油:美国西德克萨斯中级轻质原油(WTI)","20230313","74.8"
"现货价:原油:美国西德克萨斯中级轻质原油(WTI)","20230314","71.33"
"现货价:原油:美国西德克萨斯中级轻质原油(WTI)","20230315","67.61"
"现货价:原油:美国西德克萨斯中级轻质原油(WTI)","20230316","68.35"
"现货价:原油:美国西德克萨斯中级轻质原油(WTI)","20230317","66.74"
"现货价:原油:美国西德克萨斯中级轻质原油(WTI)","20230320","67.64"
"现货价:原油:美国西德克萨斯中级轻质原油(WTI)","20230321","69.67"
"现货价:原油:美国西德克萨斯中级轻质原油(WTI)","20230322","70.9"
"现货价:原油:美国西德克萨斯中级轻质原油(WTI)","20230323","69.96"
"现货价:原油:美国西德克萨斯中级轻质原油(WTI)","20230324","69.26"
"现货价:原油:美国西德克萨斯中级轻质原油(WTI)","20230327","72.81"
"现货价:原油:美国西德克萨斯中级轻质原油(WTI)","20230328","73.2"
"现货价:原油:美国西德克萨斯中级轻质原油(WTI)","20230329","72.97"
"现货价:原油:美国西德克萨斯中级轻质原油(WTI)","20230330","74.37"
"现货价:原油:美国西德克萨斯中级轻质原油(WTI)","20230331","75.67"
"现货价:原油:美国西德克萨斯中级轻质原油(WTI)","20230403","80.42"
"现货价:原油:美国西德克萨斯中级轻质原油(WTI)","20230404","80.71"
"现货价:原油:美国西德克萨斯中级轻质原油(WTI)","20230405","80.61"
"现货价:原油:美国西德克萨斯中级轻质原油(WTI)","20230406","80.7"
"现货价:原油:美国西德克萨斯中级轻质原油(WTI)","20230410","79.74"
"现货价:原油:美国西德克萨斯中级轻质原油(WTI)","20230411","81.53"
"现货价:原油:美国西德克萨斯中级轻质原油(WTI)","20230412","83.26"
"现货价:原油:美国西德克萨斯中级轻质原油(WTI)","20230413","82.16"
"现货价:原油:美国西德克萨斯中级轻质原油(WTI)","20230414","82.52"
"现货价:原油:美国西德克萨斯中级轻质原油(WTI)","20230417","80.83"
"现货价:原油:美国西德克萨斯中级轻质原油(WTI)","20230418","80.86"
"现货价:原油:美国西德克萨斯中级轻质原油(WTI)","20230419","79.16"
"现货价:原油:美国西德克萨斯中级轻质原油(WTI)","20230420","77.37"
"现货价:原油:美国西德克萨斯中级轻质原油(WTI)","20230421","77.87"
"现货价:原油:美国西德克萨斯中级轻质原油(WTI)","20230424","78.76"
"现货价:原油:美国西德克萨斯中级轻质原油(WTI)","20230425","77.07"
"现货价:原油:美国西德克萨斯中级轻质原油(WTI)","20230426","74.3"
"现货价:原油:美国西德克萨斯中级轻质原油(WTI)","20230427","74.76"
"现货价:原油:美国西德克萨斯中级轻质原油(WTI)","20230428","76.78"
"现货价:原油:美国西德克萨斯中级轻质原油(WTI)","20230501","75.66"
"现货价:原油:美国西德克萨斯中级轻质原油(WTI)","20230502","71.66"
"现货价:原油:美国西德克萨斯中级轻质原油(WTI)","20230503","68.6"
"现货价:原油:美国西德克萨斯中级轻质原油(WTI)","20230504","68.56"
"现货价:原油:美国西德克萨斯中级轻质原油(WTI)","20230505","71.34"
"现货价:原油:美国西德克萨斯中级轻质原油(WTI)","20230508","73.16"
"现货价:原油:美国西德克萨斯中级轻质原油(WTI)","20230509","73.71"
"现货价:原油:美国西德克萨斯中级轻质原油(WTI)","20230510","72.56"
"现货价:原油:美国西德克萨斯中级轻质原油(WTI)","20230511","70.87"
"现货价:原油:美国西德克萨斯中级轻质原油(WTI)","20230512","70.04"
"现货价:原油:美国西德克萨斯中级轻质原油(WTI)","20230515","71.11"
"现货价:原油:美国西德克萨斯中级轻质原油(WTI)","20230516","70.86"
"现货价:原油:美国西德克萨斯中级轻质原油(WTI)","20230517","72.83"
"现货价:原油:美国西德克萨斯中级轻质原油(WTI)","20230518","71.86"
"现货价:原油:美国西德克萨斯中级轻质原油(WTI)","20230519","71.55"
"现货价:原油:美国西德克萨斯中级轻质原油(WTI)","20230522","72.05"
"现货价:原油:美国西德克萨斯中级轻质原油(WTI)","20230523","72.91"
"现货价:原油:美国西德克萨斯中级轻质原油(WTI)","20230524","74.34"
"现货价:原油:美国西德克萨斯中级轻质原油(WTI)","20230525","71.83"
"现货价:原油:美国西德克萨斯中级轻质原油(WTI)","20230526","72.67"
"现货价:原油:美国西德克萨斯中级轻质原油(WTI)","20230529","72.96"
"现货价:原油:美国西德克萨斯中级轻质原油(WTI)","20230530","69.46"
"现货价:原油:美国西德克萨斯中级轻质原油(WTI)","20230531","68.09"
"现货价:原油:美国西德克萨斯中级轻质原油(WTI)","20230601","70.1"
"现货价:原油:美国西德克萨斯中级轻质原油(WTI)","20230602","71.74"
"现货价:原油:美国西德克萨斯中级轻质原油(WTI)","20230605","72.15"
"现货价:原油:美国西德克萨斯中级轻质原油(WTI)","20230606","71.74"
"现货价:原油:美国西德克萨斯中级轻质原油(WTI)","20230607","72.53"
"现货价:原油:美国西德克萨斯中级轻质原油(WTI)","20230608","71.29"
"现货价:原油:美国西德克萨斯中级轻质原油(WTI)","20230609","70.17"
"现货价:原油:美国西德克萨斯中级轻质原油(WTI)","20230612","67.12"
"现货价:原油:美国西德克萨斯中级轻质原油(WTI)","20230613","69.42"
"现货价:原油:美国西德克萨斯中级轻质原油(WTI)","20230614","68.27"
"现货价:原油:美国西德克萨斯中级轻质原油(WTI)","20230615","70.62"
"现货价:原油:美国西德克萨斯中级轻质原油(WTI)","20230616","71.78"
"现货价:原油:美国西德克萨斯中级轻质原油(WTI)","20230619","71.31"
"现货价:原油:美国西德克萨斯中级轻质原油(WTI)","20230620","71.19"
"现货价:原油:美国西德克萨斯中级轻质原油(WTI)","20230621","72.53"
"现货价:原油:美国西德克萨斯中级轻质原油(WTI)","20230622","69.51"
"现货价:原油:美国西德克萨斯中级轻质原油(WTI)","20230623","69.16"
"现货价:原油:美国西德克萨斯中级轻质原油(WTI)","20230626","69.37"
"现货价:原油:美国西德克萨斯中级轻质原油(WTI)","20230627","67.7"
"现货价:原油:美国西德克萨斯中级轻质原油(WTI)","20230628","69.56"
"现货价:原油:美国西德克萨斯中级轻质原油(WTI)","20230629","69.86"
"现货价:原油:美国西德克萨斯中级轻质原油(WTI)","20230630","70.64"
"现货价:原油:美国西德克萨斯中级轻质原油(WTI)","20230703","69.79"
"现货价:原油:美国西德克萨斯中级轻质原油(WTI)","20230704","71.32"
"现货价:原油:美国西德克萨斯中级轻质原油(WTI)","20230705","71.79"
"现货价:原油:美国西德克萨斯中级轻质原油(WTI)","20230706","71.8"
"现货价:原油:美国西德克萨斯中级轻质原油(WTI)","20230707","73.86"
"现货价:原油:美国西德克萨斯中级轻质原油(WTI)","20230710","72.99"
"现货价:原油:美国西德克萨斯中级轻质原油(WTI)","20230711","74.83"
"现货价:原油:美国西德克萨斯中级轻质原油(WTI)","20230712","75.75"
"现货价:原油:美国西德克萨斯中级轻质原油(WTI)","20230713","76.89"
"现货价:原油:美国西德克萨斯中级轻质原油(WTI)","20230714","75.42"
"现货价:原油:美国西德克萨斯中级轻质原油(WTI)","20230717","74.15"
"现货价:原油:美国西德克萨斯中级轻质原油(WTI)","20230718","75.75"
"现货价:原油:美国西德克萨斯中级轻质原油(WTI)","20230719","75.35"
"现货价:原油:美国西德克萨斯中级轻质原油(WTI)","20230720","75.65"
"现货价:原油:美国西德克萨斯中级轻质原油(WTI)","20230721","77.07"
"现货价:原油:美国西德克萨斯中级轻质原油(WTI)","20230724","78.74"
"现货价:原油:美国西德克萨斯中级轻质原油(WTI)","20230725","79.63"
"现货价:原油:美国西德克萨斯中级轻质原油(WTI)","20230726","78.78"
"现货价:原油:美国西德克萨斯中级轻质原油(WTI)","20230727","80.09"
"现货价:原油:美国西德克萨斯中级轻质原油(WTI)","20230728","80.58"
"现货价:原油:美国西德克萨斯中级轻质原油(WTI)","20230731","81.8"
"现货价:原油:美国西德克萨斯中级轻质原油(WTI)","20230801","81.37"
"现货价:原油:美国西德克萨斯中级轻质原油(WTI)","20230802","79.49"
"现货价:原油:美国西德克萨斯中级轻质原油(WTI)","20230803","81.55"
"现货价:原油:美国西德克萨斯中级轻质原油(WTI)","20230804","82.82"
"现货价:原油:美国西德克萨斯中级轻质原油(WTI)","20230807","81.94"
"现货价:原油:美国西德克萨斯中级轻质原油(WTI)","20230808","82.92"
"现货价:原油:美国西德克萨斯中级轻质原油(WTI)","20230809","84.4"
"现货价:原油:美国西德克萨斯中级轻质原油(WTI)","20230810","82.82"
"现货价:原油:美国西德克萨斯中级轻质原油(WTI)","20230811","83.19"
"现货价:原油:美国西德克萨斯中级轻质原油(WTI)","20230814","82.51"
"现货价:原油:美国西德克萨斯中级轻质原油(WTI)","20230815","80.99"
"现货价:原油:美国西德克萨斯中级轻质原油(WTI)","20230816","79.38"
"现货价:原油:美国西德克萨斯中级轻质原油(WTI)","20230817","80.39"
"现货价:原油:美国西德克萨斯中级轻质原油(WTI)","20230818","81.25"
"现货价:原油:美国西德克萨斯中级轻质原油(WTI)","20230821","80.72"
"现货价:原油:美国西德克萨斯中级轻质原油(WTI)","20230822","79.64"
"现货价:原油:美国西德克萨斯中级轻质原油(WTI)","20230823","78.89"
"现货价:原油:美国西德克萨斯中级轻质原油(WTI)","20230824","79.05"
"现货价:原油:美国西德克萨斯中级轻质原油(WTI)","20230825","79.83"
"现货价:原油:美国西德克萨斯中级轻质原油(WTI)","20230828","80.1"
"现货价:原油:美国西德克萨斯中级轻质原油(WTI)","20230829","81.16"
"现货价:原油:美国西德克萨斯中级轻质原油(WTI)","20230830","81.63"
"现货价:原油:美国西德克萨斯中级轻质原油(WTI)","20230831","83.63"
"现货价:原油:美国西德克萨斯中级轻质原油(WTI)","20230901","85.55"
"现货价:原油:美国西德克萨斯中级轻质原油(WTI)","20230904","85.93"
"现货价:原油:美国西德克萨斯中级轻质原油(WTI)","20230905","86.69"
"现货价:原油:美国西德克萨斯中级轻质原油(WTI)","20230906","87.54"
"现货价:原油:美国西德克萨斯中级轻质原油(WTI)","20230907","86.87"
"现货价:原油:美国西德克萨斯中级轻质原油(WTI)","20230908","87.51"
"现货价:原油:美国西德克萨斯中级轻质原油(WTI)","20230911","87.29"
"现货价:原油:美国西德克萨斯中级轻质原油(WTI)","20230912","88.84"
"现货价:原油:美国西德克萨斯中级轻质原油(WTI)","20230913","88.52"
"现货价:原油:美国西德克萨斯中级轻质原油(WTI)","20230914","90.16"
"现货价:原油:美国西德克萨斯中级轻质原油(WTI)","20230915","90.77"
"现货价:原油:美国西德克萨斯中级轻质原油(WTI)","20230918","91.48"
"现货价:原油:美国西德克萨斯中级轻质原油(WTI)","20230919","91.2"
"现货价:原油:美国西德克萨斯中级轻质原油(WTI)","20230920","89.66"
"现货价:原油:美国西德克萨斯中级轻质原油(WTI)","20230921","89.63"
"现货价:原油:美国西德克萨斯中级轻质原油(WTI)","20230922","90.03"
"现货价:原油:美国西德克萨斯中级轻质原油(WTI)","20230925","89.68"
"现货价:原油:美国西德克萨斯中级轻质原油(WTI)","20230926","90.39"
"现货价:原油:美国西德克萨斯中级轻质原油(WTI)","20230927","93.68"
"现货价:原油:美国西德克萨斯中级轻质原油(WTI)","20230928","91.71"
"现货价:原油:美国西德克萨斯中级轻质原油(WTI)","20230929","90.79"
"现货价:原油:美国西德克萨斯中级轻质原油(WTI)","20231002","88.82"
"现货价:原油:美国西德克萨斯中级轻质原油(WTI)","20231003","89.23"
"现货价:原油:美国西德克萨斯中级轻质原油(WTI)","20231004","84.22"
"现货价:原油:美国西德克萨斯中级轻质原油(WTI)","20231005","82.31"
"现货价:原油:美国西德克萨斯中级轻质原油(WTI)","20231006","82.79"
"现货价:原油:美国西德克萨斯中级轻质原油(WTI)","20231009","86.38"
"现货价:原油:美国西德克萨斯中级轻质原油(WTI)","20231010","85.97"
"现货价:原油:美国西德克萨斯中级轻质原油(WTI)","20231011","83.49"
"现货价:原油:美国西德克萨斯中级轻质原油(WTI)","20231012","82.91"
"现货价:原油:美国西德克萨斯中级轻质原油(WTI)","20231013","87.69"
"现货价:原油:美国西德克萨斯中级轻质原油(WTI)","20231016","86.66"
"现货价:原油:美国西德克萨斯中级轻质原油(WTI)","20231017","86.66"
"现货价:原油:美国西德克萨斯中级轻质原油(WTI)","20231018","88.32"
"现货价:原油:美国西德克萨斯中级轻质原油(WTI)","20231019","89.37"
"现货价:原油:美国西德克萨斯中级轻质原油(WTI)","20231020","88.08"
"现货价:原油:美国西德克萨斯中级轻质原油(WTI)","20231023","85.49"
"现货价:原油:美国西德克萨斯中级轻质原油(WTI)","20231024","83.74"
"现货价:原油:美国西德克萨斯中级轻质原油(WTI)","20231025","85.39"
"现货价:原油:美国西德克萨斯中级轻质原油(WTI)","20231026","83.21"
"现货价:原油:美国西德克萨斯中级轻质原油(WTI)","20231027","85.54"
"现货价:原油:美国西德克萨斯中级轻质原油(WTI)","20231030","82.31"
"现货价:原油:美国西德克萨斯中级轻质原油(WTI)","20231031","81.02"
"现货价:原油:美国西德克萨斯中级轻质原油(WTI)","20231101","80.44"
"现货价:原油:美国西德克萨斯中级轻质原油(WTI)","20231102","82.46"
"现货价:原油:美国西德克萨斯中级轻质原油(WTI)","20231103","80.51"
"现货价:原油:美国西德克萨斯中级轻质原油(WTI)","20231106","80.82"
"现货价:原油:美国西德克萨斯中级轻质原油(WTI)","20231107","77.37"
"现货价:原油:美国西德克萨斯中级轻质原油(WTI)","20231108","75.33"
"现货价:原油:美国西德克萨斯中级轻质原油(WTI)","20231109","75.74"
"现货价:原油:美国西德克萨斯中级轻质原油(WTI)","20231110","77.17"
"现货价:原油:美国西德克萨斯中级轻质原油(WTI)","20231113","78.26"
"现货价:原油:美国西德克萨斯中级轻质原油(WTI)","20231114","78.26"
"现货价:原油:美国西德克萨斯中级轻质原油(WTI)","20231115","76.66"
"现货价:原油:美国西德克萨斯中级轻质原油(WTI)","20231116","72.9"
"现货价:原油:美国西德克萨斯中级轻质原油(WTI)","20231117","75.89"
"现货价:原油:美国西德克萨斯中级轻质原油(WTI)","20231120","77.83"
"现货价:原油:美国西德克萨斯中级轻质原油(WTI)","20231121","77.77"
"现货价:原油:美国西德克萨斯中级轻质原油(WTI)","20231122","77.1"
"现货价:原油:美国西德克萨斯中级轻质原油(WTI)","20231123","76.4"
"现货价:原油:美国西德克萨斯中级轻质原油(WTI)","20231124","75.54"
"现货价:原油:美国西德克萨斯中级轻质原油(WTI)","20231127","74.86"
"现货价:原油:美国西德克萨斯中级轻质原油(WTI)","20231128","76.41"
"现货价:原油:美国西德克萨斯中级轻质原油(WTI)","20231129","77.86"
"现货价:原油:美国西德克萨斯中级轻质原油(WTI)","20231130","75.96"
"现货价:原油:美国西德克萨斯中级轻质原油(WTI)","20231201","74.07"
"现货价:原油:美国西德克萨斯中级轻质原油(WTI)","20231204","73.04"
"现货价:原油:美国西德克萨斯中级轻质原油(WTI)","20231205","72.32"
"现货价:原油:美国西德克萨斯中级轻质原油(WTI)","20231206","69.38"
"现货价:原油:美国西德克萨斯中级轻质原油(WTI)","20231207","69.34"
"现货价:原油:美国西德克萨斯中级轻质原油(WTI)","20231208","71.23"
"现货价:原油:美国西德克萨斯中级轻质原油(WTI)","20231211","71.32"
"现货价:原油:美国西德克萨斯中级轻质原油(WTI)","20231212","68.61"
"现货价:原油:美国西德克萨斯中级轻质原油(WTI)","20231213","69.47"
"现货价:原油:美国西德克萨斯中级轻质原油(WTI)","20231214","71.58"
"现货价:原油:美国西德克萨斯中级轻质原油(WTI)","20231215","71.43"
"现货价:原油:美国西德克萨斯中级轻质原油(WTI)","20231218","72.47"
"现货价:原油:美国西德克萨斯中级轻质原油(WTI)","20231219","73.94"
"现货价:原油:美国西德克萨斯中级轻质原油(WTI)","20231220","74.22"
"现货价:原油:美国西德克萨斯中级轻质原油(WTI)","20231221","73.89"
"现货价:原油:美国西德克萨斯中级轻质原油(WTI)","20231222","73.56"
"现货价:原油:美国西德克萨斯中级轻质原油(WTI)","20231226","75.57"
"现货价:原油:美国西德克萨斯中级轻质原油(WTI)","20231227","74.11"
"现货价:原油:美国西德克萨斯中级轻质原油(WTI)","20231228","71.77"
"现货价:原油:美国西德克萨斯中级轻质原油(WTI)","20231229","71.65"
"现货价:原油:美国西德克萨斯中级轻质原油(WTI)","20240102","70.38"
"现货价:原油:美国西德克萨斯中级轻质原油(WTI)","20240103","72.7"
"现货价:原油:美国西德克萨斯中级轻质原油(WTI)","20240104","72.19"
"现货价:原油:美国西德克萨斯中级轻质原油(WTI)","20240105","73.81"
"现货价:原油:美国西德克萨斯中级轻质原油(WTI)","20240108","70.77"
"现货价:原油:美国西德克萨斯中级轻质原油(WTI)","20240109","72.24"
"现货价:原油:美国西德克萨斯中级轻质原油(WTI)","20240110","71.37"
"现货价:原油:美国西德克萨斯中级轻质原油(WTI)","20240111","72.02"
"现货价:原油:美国西德克萨斯中级轻质原油(WTI)","20240112","72.68"
"现货价:原油:美国西德克萨斯中级轻质原油(WTI)","20240115","72.45"
"现货价:原油:美国西德克萨斯中级轻质原油(WTI)","20240116","72.4"
"现货价:原油:美国西德克萨斯中级轻质原油(WTI)","20240117","72.56"
"现货价:原油:美国西德克萨斯中级轻质原油(WTI)","20240118","74.08"
"现货价:原油:美国西德克萨斯中级轻质原油(WTI)","20240119","73.41"
"现货价:原油:美国西德克萨斯中级轻质原油(WTI)","20240122","74.76"
"现货价:原油:美国西德克萨斯中级轻质原油(WTI)","20240123","74.37"
"现货价:原油:美国西德克萨斯中级轻质原油(WTI)","20240124","75.09"
"现货价:原油:美国西德克萨斯中级轻质原油(WTI)","20240125","77.36"
"现货价:原油:美国西德克萨斯中级轻质原油(WTI)","20240126","78.01"
"现货价:原油:美国西德克萨斯中级轻质原油(WTI)","20240129","76.78"
"现货价:原油:美国西德克萨斯中级轻质原油(WTI)","20240130","77.82"
"现货价:原油:美国西德克萨斯中级轻质原油(WTI)","20240131","75.85"
"现货价:原油:美国西德克萨斯中级轻质原油(WTI)","20240201","73.82"
"现货价:原油:美国西德克萨斯中级轻质原油(WTI)","20240202","72.28"
"现货价:原油:美国西德克萨斯中级轻质原油(WTI)","20240205","72.78"
"现货价:原油:美国西德克萨斯中级轻质原油(WTI)","20240206","73.31"
"现货价:原油:美国西德克萨斯中级轻质原油(WTI)","20240207","73.86"
"现货价:原油:美国西德克萨斯中级轻质原油(WTI)","20240208","76.22"
"现货价:原油:美国西德克萨斯中级轻质原油(WTI)","20240209","76.84"
"现货价:原油:美国西德克萨斯中级轻质原油(WTI)","20240212","76.92"
"现货价:原油:美国西德克萨斯中级轻质原油(WTI)","20240213","77.87"
"现货价:原油:美国西德克萨斯中级轻质原油(WTI)","20240214","76.64"
"现货价:原油:美国西德克萨斯中级轻质原油(WTI)","20240215","78.03"
"现货价:原油:美国西德克萨斯中级轻质原油(WTI)","20240216","79.19"
"现货价:原油:美国西德克萨斯中级轻质原油(WTI)","20240219","78.47"
"现货价:原油:美国西德克萨斯中级轻质原油(WTI)","20240220","77.04"
"现货价:原油:美国西德克萨斯中级轻质原油(WTI)","20240221","77.91"
"现货价:原油:美国西德克萨斯中级轻质原油(WTI)","20240222","78.61"
"现货价:原油:美国西德克萨斯中级轻质原油(WTI)","20240223","76.49"
"现货价:原油:美国西德克萨斯中级轻质原油(WTI)","20240226","77.58"
"现货价:原油:美国西德克萨斯中级轻质原油(WTI)","20240227","78.87"
"现货价:原油:美国西德克萨斯中级轻质原油(WTI)","20240228","78.54"
"现货价:原油:美国西德克萨斯中级轻质原油(WTI)","20240229","78.26"
"现货价:原油:美国西德克萨斯中级轻质原油(WTI)","20240301","79.97"
"现货价:原油:美国西德克萨斯中级轻质原油(WTI)","20240304","78.74"
"现货价:原油:美国西德克萨斯中级轻质原油(WTI)","20240305","78.15"
"现货价:原油:美国西德克萨斯中级轻质原油(WTI)","20240306","79.13"
"现货价:原油:美国西德克萨斯中级轻质原油(WTI)","20240307","78.93"
"现货价:原油:美国西德克萨斯中级轻质原油(WTI)","20240308","78.01"
"现货价:原油:美国西德克萨斯中级轻质原油(WTI)","20240311","77.93"
"现货价:原油:美国西德克萨斯中级轻质原油(WTI)","20240312","77.56"
"现货价:原油:美国西德克萨斯中级轻质原油(WTI)","20240313","79.72"
"现货价:原油:美国西德克萨斯中级轻质原油(WTI)","20240314","81.26"
"现货价:原油:美国西德克萨斯中级轻质原油(WTI)","20240315","81.04"
"现货价:原油:美国西德克萨斯中级轻质原油(WTI)","20240318","82.72"
"现货价:原油:美国西德克萨斯中级轻质原油(WTI)","20240319","83.47"
"现货价:原油:美国西德克萨斯中级轻质原油(WTI)","20240320","81.27"
"现货价:原油:美国西德克萨斯中级轻质原油(WTI)","20240321","81.07"
"现货价:原油:美国西德克萨斯中级轻质原油(WTI)","20240322","80.63"
"现货价:原油:美国西德克萨斯中级轻质原油(WTI)","20240325","81.95"
"现货价:原油:美国西德克萨斯中级轻质原油(WTI)","20240326","81.62"
"现货价:原油:美国西德克萨斯中级轻质原油(WTI)","20240327","81.35"
"现货价:原油:美国西德克萨斯中级轻质原油(WTI)","20240328","83.17"
"现货价:原油:美国西德克萨斯中级轻质原油(WTI)","20240401","83.71"
"现货价:原油:美国西德克萨斯中级轻质原油(WTI)","20240402","85.15"
"现货价:原油:美国西德克萨斯中级轻质原油(WTI)","20240403","85.43"
"现货价:原油:美国西德克萨斯中级轻质原油(WTI)","20240404","86.59"
"现货价:原油:美国西德克萨斯中级轻质原油(WTI)","20240405","86.91"
"现货价:原油:美国西德克萨斯中级轻质原油(WTI)","20240408","86.43"
"现货价:原油:美国西德克萨斯中级轻质原油(WTI)","20240409","85.23"
"现货价:原油:美国西德克萨斯中级轻质原油(WTI)","20240410","86.21"
"现货价:原油:美国西德克萨斯中级轻质原油(WTI)","20240411","85.02"
"现货价:原油:美国西德克萨斯中级轻质原油(WTI)","20240412","85.66"
"现货价:原油:美国西德克萨斯中级轻质原油(WTI)","20240415","85.41"
"现货价:原油:美国西德克萨斯中级轻质原油(WTI)","20240416","85.36"
"现货价:原油:美国西德克萨斯中级轻质原油(WTI)","20240417","82.69"
"现货价:原油:美国西德克萨斯中级轻质原油(WTI)","20240418","82.73"
"现货价:原油:美国西德克萨斯中级轻质原油(WTI)","20240419","83.14"
"现货价:原油:美国西德克萨斯中级轻质原油(WTI)","20240422","81.9"
"现货价:原油:美国西德克萨斯中级轻质原油(WTI)","20240423","83.36"
"现货价:原油:美国西德克萨斯中级轻质原油(WTI)","20240424","82.81"
"现货价:原油:美国西德克萨斯中级轻质原油(WTI)","20240425","83.57"
"现货价:原油:美国西德克萨斯中级轻质原油(WTI)","20240426","83.85"
"现货价:原油:美国西德克萨斯中级轻质原油(WTI)","20240429","82.63"
"现货价:原油:美国西德克萨斯中级轻质原油(WTI)","20240430","81.93"
"现货价:原油:美国西德克萨斯中级轻质原油(WTI)","20240501","79"
"现货价:原油:美国西德克萨斯中级轻质原油(WTI)","20240502","78.95"
"现货价:原油:美国西德克萨斯中级轻质原油(WTI)","20240503","78.11"
"现货价:原油:美国西德克萨斯中级轻质原油(WTI)","20240506","78.48"
"现货价:原油:美国西德克萨斯中级轻质原油(WTI)","20240507","78.38"
"现货价:原油:美国西德克萨斯中级轻质原油(WTI)","20240508","78.99"
"现货价:原油:美国西德克萨斯中级轻质原油(WTI)","20240509","79.26"
"现货价:原油:美国西德克萨斯中级轻质原油(WTI)","20240510","78.26"
"现货价:原油:美国西德克萨斯中级轻质原油(WTI)","20240513","79.12"
"现货价:原油:美国西德克萨斯中级轻质原油(WTI)","20240514","78.02"
"现货价:原油:美国西德克萨斯中级轻质原油(WTI)","20240515","78.63"
"现货价:原油:美国西德克萨斯中级轻质原油(WTI)","20240516","79.23"
"现货价:原油:美国西德克萨斯中级轻质原油(WTI)","20240517","80.06"
"现货价:原油:美国西德克萨斯中级轻质原油(WTI)","20240520","79.8"
"现货价:原油:美国西德克萨斯中级轻质原油(WTI)","20240521","78.66"
"现货价:原油:美国西德克萨斯中级轻质原油(WTI)","20240522","77.57"
"现货价:原油:美国西德克萨斯中级轻质原油(WTI)","20240523","76.87"
"现货价:原油:美国西德克萨斯中级轻质原油(WTI)","20240524","77.72"
"现货价:原油:美国西德克萨斯中级轻质原油(WTI)","20240527","78.72"
"现货价:原油:美国西德克萨斯中级轻质原油(WTI)","20240528","79.83"
"现货价:原油:美国西德克萨斯中级轻质原油(WTI)","20240529","79.23"
"现货价:原油:美国西德克萨斯中级轻质原油(WTI)","20240530","77.91"
"现货价:原油:美国西德克萨斯中级轻质原油(WTI)","20240531","76.99"
"现货价:原油:美国西德克萨斯中级轻质原油(WTI)","20240603","74.22"
"现货价:原油:美国西德克萨斯中级轻质原油(WTI)","20240604","73.25"
"现货价:原油:美国西德克萨斯中级轻质原油(WTI)","20240605","74.07"
"现货价:原油:美国西德克萨斯中级轻质原油(WTI)","20240606","75.55"
"现货价:原油:美国西德克萨斯中级轻质原油(WTI)","20240607","75.53"
"现货价:原油:美国西德克萨斯中级轻质原油(WTI)","20240610","77.74"
"现货价:原油:美国西德克萨斯中级轻质原油(WTI)","20240611","77.9"
"现货价:原油:美国西德克萨斯中级轻质原油(WTI)","20240612","78.5"
"现货价:原油:美国西德克萨斯中级轻质原油(WTI)","20240613","78.62"
"现货价:原油:美国西德克萨斯中级轻质原油(WTI)","20240614","78.45"
"现货价:原油:美国西德克萨斯中级轻质原油(WTI)","20240617","80.33"
"现货价:原油:美国西德克萨斯中级轻质原油(WTI)","20240618","81.57"
"现货价:原油:美国西德克萨斯中级轻质原油(WTI)","20240619","80.49"
"现货价:原油:美国西德克萨斯中级轻质原油(WTI)","20240620","81.29"
"现货价:原油:美国西德克萨斯中级轻质原油(WTI)","20240621","80.73"
"现货价:原油:美国西德克萨斯中级轻质原油(WTI)","20240624","81.63"
"现货价:原油:美国西德克萨斯中级轻质原油(WTI)","20240625","80.83"
"现货价:原油:美国西德克萨斯中级轻质原油(WTI)","20240626","80.9"
"现货价:原油:美国西德克萨斯中级轻质原油(WTI)","20240627","81.74"
"现货价:原油:美国西德克萨斯中级轻质原油(WTI)","20240628","81.54"
"现货价:原油:美国西德克萨斯中级轻质原油(WTI)","20240701","83.38"
"现货价:原油:美国西德克萨斯中级轻质原油(WTI)","20240702","82.81"
"现货价:原油:美国西德克萨斯中级轻质原油(WTI)","20240703","83.88"
"现货价:原油:美国西德克萨斯中级轻质原油(WTI)","20240704","83.94"
"现货价:原油:美国西德克萨斯中级轻质原油(WTI)","20240705","83.16"
"现货价:原油:美国西德克萨斯中级轻质原油(WTI)","20240708","82.33"
"现货价:原油:美国西德克萨斯中级轻质原油(WTI)","20240709","81.41"
"现货价:原油:美国西德克萨斯中级轻质原油(WTI)","20240710","82.1"
"现货价:原油:美国西德克萨斯中级轻质原油(WTI)","20240711","82.62"
"现货价:原油:美国西德克萨斯中级轻质原油(WTI)","20240712","82.21"
"现货价:原油:美国西德克萨斯中级轻质原油(WTI)","20240715","81.91"
"现货价:原油:美国西德克萨斯中级轻质原油(WTI)","20240716","80.76"
"现货价:原油:美国西德克萨斯中级轻质原油(WTI)","20240717","82.85"
"现货价:原油:美国西德克萨斯中级轻质原油(WTI)","20240718","82.82"
"现货价:原油:美国西德克萨斯中级轻质原油(WTI)","20240719","80.13"
"现货价:原油:美国西德克萨斯中级轻质原油(WTI)","20240722","78.4"
"现货价:原油:美国西德克萨斯中级轻质原油(WTI)","20240723","76.96"
"现货价:原油:美国西德克萨斯中级轻质原油(WTI)","20240724","77.59"
"现货价:原油:美国西德克萨斯中级轻质原油(WTI)","20240725","78.28"
"现货价:原油:美国西德克萨斯中级轻质原油(WTI)","20240726","77.16"
"现货价:原油:美国西德克萨斯中级轻质原油(WTI)","20240729","75.81"
"现货价:原油:美国西德克萨斯中级轻质原油(WTI)","20240730","74.73"
"现货价:原油:美国西德克萨斯中级轻质原油(WTI)","20240731","77.91"
"现货价:原油:美国西德克萨斯中级轻质原油(WTI)","20240801","76.31"
"现货价:原油:美国西德克萨斯中级轻质原油(WTI)","20240802","73.52"
"现货价:原油:美国西德克萨斯中级轻质原油(WTI)","20240805","72.94"
"现货价:原油:美国西德克萨斯中级轻质原油(WTI)","20240806","73.2"
"现货价:原油:美国西德克萨斯中级轻质原油(WTI)","20240807","75.23"
"现货价:原油:美国西德克萨斯中级轻质原油(WTI)","20240808","76.19"
"现货价:原油:美国西德克萨斯中级轻质原油(WTI)","20240809","76.84"
"现货价:原油:美国西德克萨斯中级轻质原油(WTI)","20240812","80.06"
"现货价:原油:美国西德克萨斯中级轻质原油(WTI)","20240813","78.35"
"现货价:原油:美国西德克萨斯中级轻质原油(WTI)","20240814","76.98"
"现货价:原油:美国西德克萨斯中级轻质原油(WTI)","20240815","78.16"
"现货价:原油:美国西德克萨斯中级轻质原油(WTI)","20240816","76.65"
"现货价:原油:美国西德克萨斯中级轻质原油(WTI)","20240819","74.37"
"现货价:原油:美国西德克萨斯中级轻质原油(WTI)","20240820","73.17"
"现货价:原油:美国西德克萨斯中级轻质原油(WTI)","20240821","71.93"
"现货价:原油:美国西德克萨斯中级轻质原油(WTI)","20240822","73.01"
"现货价:原油:美国西德克萨斯中级轻质原油(WTI)","20240823","74.83"
"现货价:原油:美国西德克萨斯中级轻质原油(WTI)","20240826","77.42"
"现货价:原油:美国西德克萨斯中级轻质原油(WTI)","20240827","75.53"
"现货价:原油:美国西德克萨斯中级轻质原油(WTI)","20240828","74.52"
"现货价:原油:美国西德克萨斯中级轻质原油(WTI)","20240829","75.91"
"现货价:原油:美国西德克萨斯中级轻质原油(WTI)","20240830","73.55"
"现货价:原油:美国西德克萨斯中级轻质原油(WTI)","20240902","74.29"
"现货价:原油:美国西德克萨斯中级轻质原油(WTI)","20240903","70.34"
"现货价:原油:美国西德克萨斯中级轻质原油(WTI)","20240904","69.2"
"现货价:原油:美国西德克萨斯中级轻质原油(WTI)","20240905","69.15"
"现货价:原油:美国西德克萨斯中级轻质原油(WTI)","20240906","67.67"
"现货价:原油:美国西德克萨斯中级轻质原油(WTI)","20240909","68.71"
"现货价:原油:美国西德克萨斯中级轻质原油(WTI)","20240910","65.75"
"现货价:原油:美国西德克萨斯中级轻质原油(WTI)","20240911","67.31"
"现货价:原油:美国西德克萨斯中级轻质原油(WTI)","20240912","68.97"
"现货价:原油:美国西德克萨斯中级轻质原油(WTI)","20240913","68.65"
"现货价:原油:美国西德克萨斯中级轻质原油(WTI)","20240916","70.09"
"现货价:原油:美国西德克萨斯中级轻质原油(WTI)","20240917","71.19"
"现货价:原油:美国西德克萨斯中级轻质原油(WTI)","20240918","70.91"
"现货价:原油:美国西德克萨斯中级轻质原油(WTI)","20240919","71.95"
"现货价:原油:美国西德克萨斯中级轻质原油(WTI)","20240920","71"
"现货价:原油:美国西德克萨斯中级轻质原油(WTI)","20240923","70.37"
"现货价:原油:美国西德克萨斯中级轻质原油(WTI)","20240924","71.56"
"现货价:原油:美国西德克萨斯中级轻质原油(WTI)","20240925","69.69"
"现货价:原油:美国西德克萨斯中级轻质原油(WTI)","20240926","67.67"
"现货价:原油:美国西德克萨斯中级轻质原油(WTI)","20240927","68.18"
"现货价:原油:美国西德克萨斯中级轻质原油(WTI)","20240930","68.17"
"现货价:原油:美国西德克萨斯中级轻质原油(WTI)","20241001","69.83"
"现货价:原油:美国西德克萨斯中级轻质原油(WTI)","20241002","70.1"
"现货价:原油:美国西德克萨斯中级轻质原油(WTI)","20241003","73.71"
"现货价:原油:美国西德克萨斯中级轻质原油(WTI)","20241004","74.38"
"现货价:原油:美国西德克萨斯中级轻质原油(WTI)","20241007","77.14"
"现货价:原油:美国西德克萨斯中级轻质原油(WTI)","20241008","73.57"
"现货价:原油:美国西德克萨斯中级轻质原油(WTI)","20241009","73.24"
"现货价:原油:美国西德克萨斯中级轻质原油(WTI)","20241010","75.85"
"现货价:原油:美国西德克萨斯中级轻质原油(WTI)","20241011","75.56"
"现货价:原油:美国西德克萨斯中级轻质原油(WTI)","20241014","73.83"
"现货价:原油:美国西德克萨斯中级轻质原油(WTI)","20241015","70.58"
"现货价:原油:美国西德克萨斯中级轻质原油(WTI)","20241016","70.39"
"现货价:原油:美国西德克萨斯中级轻质原油(WTI)","20241017","70.67"
"现货价:原油:美国西德克萨斯中级轻质原油(WTI)","20241018","69.22"
"现货价:原油:美国西德克萨斯中级轻质原油(WTI)","20241021","70.56"
"现货价:原油:美国西德克萨斯中级轻质原油(WTI)","20241022","71.74"
"现货价:原油:美国西德克萨斯中级轻质原油(WTI)","20241023","70.77"
"现货价:原油:美国西德克萨斯中级轻质原油(WTI)","20241024","70.19"
"现货价:原油:美国西德克萨斯中级轻质原油(WTI)","20241025","71.78"
"现货价:原油:美国西德克萨斯中级轻质原油(WTI)","20241028","67.38"
"现货价:原油:美国西德克萨斯中级轻质原油(WTI)","20241029","67.21"
"现货价:原油:美国西德克萨斯中级轻质原油(WTI)","20241030","68.61"
"现货价:原油:美国西德克萨斯中级轻质原油(WTI)","20241031","69.26"
"现货价:原油:美国西德克萨斯中级轻质原油(WTI)","20241101","69.49"
"现货价:原油:美国西德克萨斯中级轻质原油(WTI)","20241104","71.47"
"现货价:原油:美国西德克萨斯中级轻质原油(WTI)","20241105","71.99"
"现货价:原油:美国西德克萨斯中级轻质原油(WTI)","20241106","71.69"
"现货价:原油:美国西德克萨斯中级轻质原油(WTI)","20241107","72.36"
"现货价:原油:美国西德克萨斯中级轻质原油(WTI)","20241108","70.38"
"现货价:原油:美国西德克萨斯中级轻质原油(WTI)","20241111","68.04"
"现货价:原油:美国西德克萨斯中级轻质原油(WTI)","20241112","68.12"
"现货价:原油:美国西德克萨斯中级轻质原油(WTI)","20241113","68.43"
"现货价:原油:美国西德克萨斯中级轻质原油(WTI)","20241114","68.7"
"现货价:原油:美国西德克萨斯中级轻质原油(WTI)","20241115","67.02"
"现货价:原油:美国西德克萨斯中级轻质原油(WTI)","20241118","69.16"
"现货价:原油:美国西德克萨斯中级轻质原油(WTI)","20241119","69.39"
"现货价:原油:美国西德克萨斯中级轻质原油(WTI)","20241120","68.75"
"现货价:原油:美国西德克萨斯中级轻质原油(WTI)","20241121","70.1"
"现货价:原油:美国西德克萨斯中级轻质原油(WTI)","20241122","71.24"
"现货价:原油:美国西德克萨斯中级轻质原油(WTI)","20241125","68.94"
"现货价:原油:美国西德克萨斯中级轻质原油(WTI)","20241126","68.77"
"现货价:原油:美国西德克萨斯中级轻质原油(WTI)","20241127","68.72"
"现货价:原油:美国西德克萨斯中级轻质原油(WTI)","20241128","69.1"
"现货价:原油:美国西德克萨斯中级轻质原油(WTI)","20241129","68"
"现货价:原油:美国西德克萨斯中级轻质原油(WTI)","20241202","68.1"
"现货价:原油:美国西德克萨斯中级轻质原油(WTI)","20241203","69.94"
"现货价:原油:美国西德克萨斯中级轻质原油(WTI)","20241204","68.54"
"现货价:原油:美国西德克萨斯中级轻质原油(WTI)","20241205","68.3"
"现货价:原油:美国西德克萨斯中级轻质原油(WTI)","20241206","67.2"
"现货价:原油:美国西德克萨斯中级轻质原油(WTI)","20241209","68.37"
"现货价:原油:美国西德克萨斯中级轻质原油(WTI)","20241210","68.59"
"现货价:原油:美国西德克萨斯中级轻质原油(WTI)","20241211","70.29"
"现货价:原油:美国西德克萨斯中级轻质原油(WTI)","20241212","70.02"
"现货价:原油:美国西德克萨斯中级轻质原油(WTI)","20241213","71.29"
"现货价:原油:美国西德克萨斯中级轻质原油(WTI)","20241216","70.71"
"现货价:原油:美国西德克萨斯中级轻质原油(WTI)","20241217","70.08"
"现货价:原油:美国西德克萨斯中级轻质原油(WTI)","20241218","70.58"
"现货价:原油:美国西德克萨斯中级轻质原油(WTI)","20241219","69.38"
"现货价:原油:美国西德克萨斯中级轻质原油(WTI)","20241220","69.46"
"现货价:原油:美国西德克萨斯中级轻质原油(WTI)","20241223","69.24"
"现货价:原油:美国西德克萨斯中级轻质原油(WTI)","20241224","70.1"
"现货价:原油:美国西德克萨斯中级轻质原油(WTI)","20241226","69.62"
"现货价:原油:美国西德克萨斯中级轻质原油(WTI)","20241227","70.6"
"现货价:原油:美国西德克萨斯中级轻质原油(WTI)","20241230","70.99"
"现货价:原油:美国西德克萨斯中级轻质原油(WTI)","20241231","71.72"
"现货价:原油:美国西德克萨斯中级轻质原油(WTI)","20250102","73.13"
"现货价:原油:美国西德克萨斯中级轻质原油(WTI)","20250103","73.96"
"现货价:原油:美国西德克萨斯中级轻质原油(WTI)","20250106","73.56"
"现货价:原油:美国西德克萨斯中级轻质原油(WTI)","20250107","74.25"
"现货价:原油:美国西德克萨斯中级轻质原油(WTI)","20250108","73.32"
"现货价:原油:美国西德克萨斯中级轻质原油(WTI)","20250109","73.92"
"现货价:原油:美国西德克萨斯中级轻质原油(WTI)","20250110","76.57"
"现货价:原油:美国西德克萨斯中级轻质原油(WTI)","20250113","78.82"
"现货价:原油:美国西德克萨斯中级轻质原油(WTI)","20250114","77.5"
"现货价:原油:美国西德克萨斯中级轻质原油(WTI)","20250115","80.04"
"现货价:原油:美国西德克萨斯中级轻质原油(WTI)","20250116","78.68"
"现货价:原油:美国西德克萨斯中级轻质原油(WTI)","20250117","77.88"
"现货价:原油:美国西德克萨斯中级轻质原油(WTI)","20250120","76.56"
"现货价:原油:美国西德克萨斯中级轻质原油(WTI)","20250121","75.83"
"现货价:原油:美国西德克萨斯中级轻质原油(WTI)","20250122","75.44"
"现货价:原油:美国西德克萨斯中级轻质原油(WTI)","20250123","74.62"
"现货价:原油:美国西德克萨斯中级轻质原油(WTI)","20250124","74.66"
"现货价:原油:美国西德克萨斯中级轻质原油(WTI)","20250127","73.17"
"现货价:原油:美国西德克萨斯中级轻质原油(WTI)","20250128","73.77"
"现货价:原油:美国西德克萨斯中级轻质原油(WTI)","20250129","72.62"
"现货价:原油:美国西德克萨斯中级轻质原油(WTI)","20250130","72.73"
"现货价:原油:美国西德克萨斯中级轻质原油(WTI)","20250131","72.53"
"现货价:原油:美国西德克萨斯中级轻质原油(WTI)","20250203","73.16"
"现货价:原油:美国西德克萨斯中级轻质原油(WTI)","20250204","72.7"
"现货价:原油:美国西德克萨斯中级轻质原油(WTI)","20250205","71.03"
"现货价:原油:美国西德克萨斯中级轻质原油(WTI)","20250206","70.61"
"现货价:原油:美国西德克萨斯中级轻质原油(WTI)","20250207","71"
"现货价:原油:美国西德克萨斯中级轻质原油(WTI)","20250210","72.32"
"现货价:原油:美国西德克萨斯中级轻质原油(WTI)","20250211","73.32"
"现货价:原油:美国西德克萨斯中级轻质原油(WTI)","20250212","71.37"
"现货价:原油:美国西德克萨斯中级轻质原油(WTI)","20250213","71.29"
"现货价:原油:美国西德克萨斯中级轻质原油(WTI)","20250214","70.74"
"现货价:原油:美国西德克萨斯中级轻质原油(WTI)","20250217","71.33"
"现货价:原油:美国西德克萨斯中级轻质原油(WTI)","20250218","71.85"
"现货价:原油:美国西德克萨斯中级轻质原油(WTI)","20250219","72.25"
"现货价:原油:美国西德克萨斯中级轻质原油(WTI)","20250220","72.48"
"现货价:原油:美国西德克萨斯中级轻质原油(WTI)","20250221","70.4"
"现货价:原油:美国西德克萨斯中级轻质原油(WTI)","20250224","70.7"
"现货价:原油:美国西德克萨斯中级轻质原油(WTI)","20250225","68.93"
"现货价:原油:美国西德克萨斯中级轻质原油(WTI)","20250226","68.62"
"现货价:原油:美国西德克萨斯中级轻质原油(WTI)","20250227","70.35"
"现货价:原油:美国西德克萨斯中级轻质原油(WTI)","20250228","69.76"
"现货价:原油:美国西德克萨斯中级轻质原油(WTI)","20250303","68.37"
"现货价:原油:美国西德克萨斯中级轻质原油(WTI)","20250304","68.26"
"现货价:原油:美国西德克萨斯中级轻质原油(WTI)","20250305","66.31"
"现货价:原油:美国西德克萨斯中级轻质原油(WTI)","20250306","66.36"
"现货价:原油:美国西德克萨斯中级轻质原油(WTI)","20250307","67.04"
"现货价:原油:美国西德克萨斯中级轻质原油(WTI)","20250310","66.03"
"现货价:原油:美国西德克萨斯中级轻质原油(WTI)","20250311","66.25"
"现货价:原油:美国西德克萨斯中级轻质原油(WTI)","20250312","67.68"
"现货价:原油:美国西德克萨斯中级轻质原油(WTI)","20250313","66.55"
"现货价:原油:美国西德克萨斯中级轻质原油(WTI)","20250314","67.18"
"现货价:原油:美国西德克萨斯中级轻质原油(WTI)","20250317","67.58"
"现货价:原油:美国西德克萨斯中级轻质原油(WTI)","20250318","66.9"
"现货价:原油:美国西德克萨斯中级轻质原油(WTI)","20250319","67.16"
"现货价:原油:美国西德克萨斯中级轻质原油(WTI)","20250320","68.07"
"现货价:原油:美国西德克萨斯中级轻质原油(WTI)","20250321","68.28"
"现货价:原油:美国西德克萨斯中级轻质原油(WTI)","20250324","69.11"
"现货价:原油:美国西德克萨斯中级轻质原油(WTI)","20250325","69"
"现货价:原油:美国西德克萨斯中级轻质原油(WTI)","20250326","69.65"
"现货价:原油:美国西德克萨斯中级轻质原油(WTI)","20250327","69.92"
"现货价:原油:美国西德克萨斯中级轻质原油(WTI)","20250328","69.36"
"现货价:原油:美国西德克萨斯中级轻质原油(WTI)","20250331","71.48"
"现货价:原油:美国西德克萨斯中级轻质原油(WTI)","20250401","71.2"
"现货价:原油:美国西德克萨斯中级轻质原油(WTI)","20250402","71.71"
"现货价:原油:美国西德克萨斯中级轻质原油(WTI)","20250403","66.95"
"现货价:原油:美国西德克萨斯中级轻质原油(WTI)","20250404","61.99"
"现货价:原油:美国西德克萨斯中级轻质原油(WTI)","20250407","60.7"
"现货价:原油:美国西德克萨斯中级轻质原油(WTI)","20250408","59.58"
"现货价:原油:美国西德克萨斯中级轻质原油(WTI)","20250409","62.35"
"现货价:原油:美国西德克萨斯中级轻质原油(WTI)","20250410","60.07"
"现货价:原油:美国西德克萨斯中级轻质原油(WTI)","20250411","61.5"
"现货价:原油:美国西德克萨斯中级轻质原油(WTI)","20250414","61.53"
"现货价:原油:美国西德克萨斯中级轻质原油(WTI)","20250415","61.33"
"现货价:原油:美国西德克萨斯中级轻质原油(WTI)","20250416","62.47"
"现货价:原油:美国西德克萨斯中级轻质原油(WTI)","20250417","64.68"
"现货价:原油:美国西德克萨斯中级轻质原油(WTI)","20250421","63.08"
"现货价:原油:美国西德克萨斯中级轻质原油(WTI)","20250422","63.67"
"现货价:原油:美国西德克萨斯中级轻质原油(WTI)","20250423","62.27"
"现货价:原油:美国西德克萨斯中级轻质原油(WTI)","20250424","62.79"
"现货价:原油:美国西德克萨斯中级轻质原油(WTI)","20250425","63.02"
"现货价:原油:美国西德克萨斯中级轻质原油(WTI)","20250428","62.05"
"现货价:原油:美国西德克萨斯中级轻质原油(WTI)","20250429","60.42"
"现货价:原油:美国西德克萨斯中级轻质原油(WTI)","20250430","58.21"
"现货价:原油:美国西德克萨斯中级轻质原油(WTI)","20250501","59.24"
"现货价:原油:美国西德克萨斯中级轻质原油(WTI)","20250502","58.29"
"现货价:原油:美国西德克萨斯中级轻质原油(WTI)","20250505","57.13"
"现货价:原油:美国西德克萨斯中级轻质原油(WTI)","20250506","59.09"
"现货价:原油:美国西德克萨斯中级轻质原油(WTI)","20250507","58.07"
"现货价:原油:美国西德克萨斯中级轻质原油(WTI)","20250508","59.91"
"现货价:原油:美国西德克萨斯中级轻质原油(WTI)","20250509","61.02"
"现货价:原油:美国西德克萨斯中级轻质原油(WTI)","20250512","61.95"
"现货价:原油:美国西德克萨斯中级轻质原油(WTI)","20250513","63.67"
"现货价:原油:美国西德克萨斯中级轻质原油(WTI)","20250514","63.15"
"现货价:原油:美国西德克萨斯中级轻质原油(WTI)","20250515","61.62"
"现货价:原油:美国西德克萨斯中级轻质原油(WTI)","20250516","62.49"
"现货价:原油:美国西德克萨斯中级轻质原油(WTI)","20250519","62.69"
"现货价:原油:美国西德克萨斯中级轻质原油(WTI)","20250520","62.03"
"现货价:原油:美国西德克萨斯中级轻质原油(WTI)","20250521","61.57"
"现货价:原油:美国西德克萨斯中级轻质原油(WTI)","20250522","61.2"
"现货价:原油:美国西德克萨斯中级轻质原油(WTI)","20250523","61.53"
"现货价:原油:美国西德克萨斯中级轻质原油(WTI)","20250526","61.48"
"现货价:原油:美国西德克萨斯中级轻质原油(WTI)","20250527","60.89"
"现货价:原油:美国西德克萨斯中级轻质原油(WTI)","20250528","61.84"
"现货价:原油:美国西德克萨斯中级轻质原油(WTI)","20250529","60.94"
"现货价:原油:美国西德克萨斯中级轻质原油(WTI)","20250530","60.79"
"现货价:原油:美国西德克萨斯中级轻质原油(WTI)","20250602","62.52"
"现货价:原油:美国西德克萨斯中级轻质原油(WTI)","20250603","63.41"
"现货价:原油:美国西德克萨斯中级轻质原油(WTI)","20250604","62.85"
"现货价:原油:美国西德克萨斯中级轻质原油(WTI)","20250605","63.37"
"现货价:原油:美国西德克萨斯中级轻质原油(WTI)","20250606","64.58"
"现货价:原油:美国西德克萨斯中级轻质原油(WTI)","20250609","65.29"
"现货价:原油:美国西德克萨斯中级轻质原油(WTI)","20250610","64.98"
"现货价:原油:美国西德克萨斯中级轻质原油(WTI)","20250611","68.15"
"现货价:原油:美国西德克萨斯中级轻质原油(WTI)","20250612","68.04"
"现货价:原油:美国西德克萨斯中级轻质原油(WTI)","20250613","72.98"
"全球:现货价:原油(英国布伦特Dtd)","20220104","79.21"
"全球:现货价:原油(英国布伦特Dtd)","20220105","81.19"
"全球:现货价:原油(英国布伦特Dtd)","20220106","82.41"
"全球:现货价:原油(英国布伦特Dtd)","20220107","82.65"
"全球:现货价:原油(英国布伦特Dtd)","20220110","82.5"
"全球:现货价:原油(英国布伦特Dtd)","20220111","84.82"
"全球:现货价:原油(英国布伦特Dtd)","20220112","86.7"
"全球:现货价:原油(英国布伦特Dtd)","20220113","86.31"
"全球:现货价:原油(英国布伦特Dtd)","20220114","87.09"
"全球:现货价:原油(英国布伦特Dtd)","20220117","87.78"
"全球:现货价:原油(英国布伦特Dtd)","20220118","88.79"
"全球:现货价:原油(英国布伦特Dtd)","20220119","90.64"
"全球:现货价:原油(英国布伦特Dtd)","20220120","90.96"
"全球:现货价:原油(英国布伦特Dtd)","20220121","89.89"
"全球:现货价:原油(英国布伦特Dtd)","20220124","87.57"
"全球:现货价:原油(英国布伦特Dtd)","20220125","89.6"
"全球:现货价:原油(英国布伦特Dtd)","20220126","92.15"
"全球:现货价:原油(英国布伦特Dtd)","20220127","91.39"
"全球:现货价:原油(英国布伦特Dtd)","20220128","93.07"
"全球:现货价:原油(英国布伦特Dtd)","20220131","92.66"
"全球:现货价:原油(英国布伦特Dtd)","20220201","93.44"
"全球:现货价:原油(英国布伦特Dtd)","20220202","92.23"
"全球:现货价:原油(英国布伦特Dtd)","20220203","93.64"
"全球:现货价:原油(英国布伦特Dtd)","20220204","97.74"
"全球:现货价:原油(英国布伦特Dtd)","20220207","98.39"
"全球:现货价:原油(英国布伦特Dtd)","20220208","95.42"
"全球:现货价:原油(英国布伦特Dtd)","20220209","96.81"
"全球:现货价:原油(英国布伦特Dtd)","20220210","97.59"
"全球:现货价:原油(英国布伦特Dtd)","20220211","98.07"
"全球:现货价:原油(英国布伦特Dtd)","20220214","99.97"
"全球:现货价:原油(英国布伦特Dtd)","20220215","97.79"
"全球:现货价:原油(英国布伦特Dtd)","20220216","100.87"
"全球:现货价:原油(英国布伦特Dtd)","20220217","97.53"
"全球:现货价:原油(英国布伦特Dtd)","20220218","97.61"
"全球:现货价:原油(英国布伦特Dtd)","20220221","99.05"
"全球:现货价:原油(英国布伦特Dtd)","20220222","100.43"
"全球:现货价:原油(英国布伦特Dtd)","20220223","100.58"
"全球:现货价:原油(英国布伦特Dtd)","20220224","106.57"
"全球:现货价:原油(英国布伦特Dtd)","20220225","99.64"
"全球:现货价:原油(英国布伦特Dtd)","20220228","103.32"
"全球:现货价:原油(英国布伦特Dtd)","20220301","113.11"
"全球:现货价:原油(英国布伦特Dtd)","20220302","117.52"
"全球:现货价:原油(英国布伦特Dtd)","20220303","119.88"
"全球:现货价:原油(英国布伦特Dtd)","20220304","120.33"
"全球:现货价:原油(英国布伦特Dtd)","20220307","130.32"
"全球:现货价:原油(英国布伦特Dtd)","20220308","137.71"
"全球:现货价:原油(英国布伦特Dtd)","20220309","129.74"
"全球:现货价:原油(英国布伦特Dtd)","20220310","121.31"
"全球:现货价:原油(英国布伦特Dtd)","20220311","119.23"
"全球:现货价:原油(英国布伦特Dtd)","20220314","111.7"
"全球:现货价:原油(英国布伦特Dtd)","20220315","108.21"
"全球:现货价:原油(英国布伦特Dtd)","20220316","106.77"
"全球:现货价:原油(英国布伦特Dtd)","20220317","113.74"
"全球:现货价:原油(英国布伦特Dtd)","20220318","113.4"
"全球:现货价:原油(英国布伦特Dtd)","20220321","121.08"
"全球:现货价:原油(英国布伦特Dtd)","20220322","120.53"
"全球:现货价:原油(英国布伦特Dtd)","20220323","126.51"
"全球:现货价:原油(英国布伦特Dtd)","20220324","124.33"
"全球:现货价:原油(英国布伦特Dtd)","20220325","124.6"
"全球:现货价:原油(英国布伦特Dtd)","20220328","117.7"
"全球:现货价:原油(英国布伦特Dtd)","20220329","112.45"
"全球:现货价:原油(英国布伦特Dtd)","20220330","115.97"
"全球:现货价:原油(英国布伦特Dtd)","20220331","110.3"
"全球:现货价:原油(英国布伦特Dtd)","20220401","107.66"
"全球:现货价:原油(英国布伦特Dtd)","20220404","108.89"
"全球:现货价:原油(英国布伦特Dtd)","20220405","107.85"
"全球:现货价:原油(英国布伦特Dtd)","20220406","104.72"
"全球:现货价:原油(英国布伦特Dtd)","20220407","98.39"
"全球:现货价:原油(英国布伦特Dtd)","20220408","100.7"
"全球:现货价:原油(英国布伦特Dtd)","20220411","98.69"
"全球:现货价:原油(英国布伦特Dtd)","20220412","105.6"
"全球:现货价:原油(英国布伦特Dtd)","20220413","106.65"
"全球:现货价:原油(英国布伦特Dtd)","20220414","106.8"
"全球:现货价:原油(英国布伦特Dtd)","20220419","105.76"
"全球:现货价:原油(英国布伦特Dtd)","20220420","105.64"
"全球:现货价:原油(英国布伦特Dtd)","20220421","106.4"
"全球:现货价:原油(英国布伦特Dtd)","20220422","105.42"
"全球:现货价:原油(英国布伦特Dtd)","20220425","97.63"
"全球:现货价:原油(英国布伦特Dtd)","20220426","102.33"
"全球:现货价:原油(英国布伦特Dtd)","20220427","103.15"
"全球:现货价:原油(英国布伦特Dtd)","20220428","105.79"
"全球:现货价:原油(英国布伦特Dtd)","20220429","108.25"
"全球:现货价:原油(英国布伦特Dtd)","20220503","106.21"
"全球:现货价:原油(英国布伦特Dtd)","20220504","109.04"
"全球:现货价:原油(英国布伦特Dtd)","20220505","112.42"
"全球:现货价:原油(英国布伦特Dtd)","20220506","114.6"
"全球:现货价:原油(英国布伦特Dtd)","20220509","106.93"
"全球:现货价:原油(英国布伦特Dtd)","20220510","104.06"
"全球:现货价:原油(英国布伦特Dtd)","20220511","107.78"
"全球:现货价:原油(英国布伦特Dtd)","20220512","108.9"
"全球:现货价:原油(英国布伦特Dtd)","20220513","111.53"
"全球:现货价:原油(英国布伦特Dtd)","20220516","113.43"
"全球:现货价:原油(英国布伦特Dtd)","20220517","116.6"
"全球:现货价:原油(英国布伦特Dtd)","20220518","111.39"
"全球:现货价:原油(英国布伦特Dtd)","20220519","111.37"
"全球:现货价:原油(英国布伦特Dtd)","20220520","114.1"
"全球:现货价:原油(英国布伦特Dtd)","20220523","115.77"
"全球:现货价:原油(英国布伦特Dtd)","20220524","115.93"
"全球:现货价:原油(英国布伦特Dtd)","20220525","115.75"
"全球:现货价:原油(英国布伦特Dtd)","20220526","118.9"
"全球:现货价:原油(英国布伦特Dtd)","20220527","119.87"
"全球:现货价:原油(英国布伦特Dtd)","20220530","122.63"
"全球:现货价:原油(英国布伦特Dtd)","20220531","124.52"
"全球:现货价:原油(英国布伦特Dtd)","20220601","123.19"
"全球:现货价:原油(英国布伦特Dtd)","20220606","124.89"
"全球:现货价:原油(英国布伦特Dtd)","20220607","125.91"
"全球:现货价:原油(英国布伦特Dtd)","20220608","128.49"
"全球:现货价:原油(英国布伦特Dtd)","20220609","128.99"
"全球:现货价:原油(英国布伦特Dtd)","20220610","127.58"
"全球:现货价:原油(英国布伦特Dtd)","20220613","127.99"
"全球:现货价:原油(英国布伦特Dtd)","20220614","132.15"
"全球:现货价:原油(英国布伦特Dtd)","20220615","128.2"
"全球:现货价:原油(英国布伦特Dtd)","20220616","124.34"
"全球:现货价:原油(英国布伦特Dtd)","20220617","120.59"
"全球:现货价:原油(英国布伦特Dtd)","20220620","120.03"
"全球:现货价:原油(英国布伦特Dtd)","20220621","120.83"
"全球:现货价:原油(英国布伦特Dtd)","20220622","116.61"
"全球:现货价:原油(英国布伦特Dtd)","20220623","117.45"
"全球:现货价:原油(英国布伦特Dtd)","20220624","120.17"
"全球:现货价:原油(英国布伦特Dtd)","20220627","120.92"
"全球:现货价:原油(英国布伦特Dtd)","20220628","123.04"
"全球:现货价:原油(英国布伦特Dtd)","20220629","124.82"
"全球:现货价:原油(英国布伦特Dtd)","20220630","120.54"
"全球:现货价:原油(英国布伦特Dtd)","20220701","121.58"
"全球:现货价:原油(英国布伦特Dtd)","20220704","125.06"
"全球:现货价:原油(英国布伦特Dtd)","20220705","113.43"
"全球:现货价:原油(英国布伦特Dtd)","20220706","109.96"
"全球:现货价:原油(英国布伦特Dtd)","20220707","114.65"
"全球:现货价:原油(英国布伦特Dtd)","20220708","115.76"
"全球:现货价:原油(英国布伦特Dtd)","20220711","114.66"
"全球:现货价:原油(英国布伦特Dtd)","20220712","109.19"
"全球:现货价:原油(英国布伦特Dtd)","20220713","108.73"
"全球:现货价:原油(英国布伦特Dtd)","20220714","106.17"
"全球:现货价:原油(英国布伦特Dtd)","20220715","111.08"
"全球:现货价:原油(英国布伦特Dtd)","20220718","115.31"
"全球:现货价:原油(英国布伦特Dtd)","20220719","113.51"
"全球:现货价:原油(英国布伦特Dtd)","20220720","113.99"
"全球:现货价:原油(英国布伦特Dtd)","20220721","110.66"
"全球:现货价:原油(英国布伦特Dtd)","20220722","110.26"
"全球:现货价:原油(英国布伦特Dtd)","20220725","108.82"
"全球:现货价:原油(英国布伦特Dtd)","20220726","109.57"
"全球:现货价:原油(英国布伦特Dtd)","20220727","110.74"
"全球:现货价:原油(英国布伦特Dtd)","20220728","111.91"
"全球:现货价:原油(英国布伦特Dtd)","20220729","114.31"
"全球:现货价:原油(英国布伦特Dtd)","20220801","107.3"
"全球:现货价:原油(英国布伦特Dtd)","20220802","107.02"
"全球:现货价:原油(英国布伦特Dtd)","20220803","103.3"
"全球:现货价:原油(英国布伦特Dtd)","20220804","97.93"
"全球:现货价:原油(英国布伦特Dtd)","20220805","101.51"
"全球:现货价:原油(英国布伦特Dtd)","20220808","103.75"
"全球:现货价:原油(英国布伦特Dtd)","20220809","103.96"
"全球:现货价:原油(英国布伦特Dtd)","20220810","101.56"
"全球:现货价:原油(英国布伦特Dtd)","20220811","104.76"
"全球:现货价:原油(英国布伦特Dtd)","20220812","103.17"
"全球:现货价:原油(英国布伦特Dtd)","20220815","97.91"
"全球:现货价:原油(英国布伦特Dtd)","20220816","96.44"
"全球:现货价:原油(英国布伦特Dtd)","20220817","93.34"
"全球:现货价:原油(英国布伦特Dtd)","20220818","96.58"
"全球:现货价:原油(英国布伦特Dtd)","20220819","97.28"
"全球:现货价:原油(英国布伦特Dtd)","20220822","93.93"
"全球:现货价:原油(英国布伦特Dtd)","20220823","98.62"
"全球:现货价:原油(英国布伦特Dtd)","20220824","99.03"
"全球:现货价:原油(英国布伦特Dtd)","20220825","100.1"
"全球:现货价:原油(英国布伦特Dtd)","20220826","99.66"
"全球:现货价:原油(英国布伦特Dtd)","20220830","99.81"
"全球:现货价:原油(英国布伦特Dtd)","20220831","96.69"
"全球:现货价:原油(英国布伦特Dtd)","20220901","92.61"
"全球:现货价:原油(英国布伦特Dtd)","20220902","94.4"
"全球:现货价:原油(英国布伦特Dtd)","20220905","94.9"
"全球:现货价:原油(英国布伦特Dtd)","20220906","92.37"
"全球:现货价:原油(英国布伦特Dtd)","20220907","88.28"
"全球:现货价:原油(英国布伦特Dtd)","20220908","87.83"
"全球:现货价:原油(英国布伦特Dtd)","20220909","90.72"
"全球:现货价:原油(英国布伦特Dtd)","20220912","93.28"
"全球:现货价:原油(英国布伦特Dtd)","20220913","91.7"
"全球:现货价:原油(英国布伦特Dtd)","20220914","93.37"
"全球:现货价:原油(英国布伦特Dtd)","20220915","91.08"
"全球:现货价:原油(英国布伦特Dtd)","20220916","91.08"
"全球:现货价:原油(英国布伦特Dtd)","20220920","89.51"
"全球:现货价:原油(英国布伦特Dtd)","20220921","88.22"
"全球:现货价:原油(英国布伦特Dtd)","20220922","89.39"
"全球:现货价:原油(英国布伦特Dtd)","20220923","85.54"
"全球:现货价:原油(英国布伦特Dtd)","20220926","84.73"
"全球:现货价:原油(英国布伦特Dtd)","20220927","86.67"
"全球:现货价:原油(英国布伦特Dtd)","20220928","88.45"
"全球:现货价:原油(英国布伦特Dtd)","20220929","90.08"
"全球:现货价:原油(英国布伦特Dtd)","20220930","87.99"
"全球:现货价:原油(英国布伦特Dtd)","20221003","90.38"
"全球:现货价:原油(英国布伦特Dtd)","20221004","93.79"
"全球:现货价:原油(英国布伦特Dtd)","20221005","95.28"
"全球:现货价:原油(英国布伦特Dtd)","20221006","96.27"
"全球:现货价:原油(英国布伦特Dtd)","20221007","98.97"
"全球:现货价:原油(英国布伦特Dtd)","20221010","98.54"
"全球:现货价:原油(英国布伦特Dtd)","20221011","95.45"
"全球:现货价:原油(英国布伦特Dtd)","20221012","93.22"
"全球:现货价:原油(英国布伦特Dtd)","20221013","94.07"
"全球:现货价:原油(英国布伦特Dtd)","20221014","93.17"
"全球:现货价:原油(英国布伦特Dtd)","20221017","91.5"
"全球:现货价:原油(英国布伦特Dtd)","20221018","88.49"
"全球:现货价:原油(英国布伦特Dtd)","20221019","90.19"
"全球:现货价:原油(英国布伦特Dtd)","20221020","92.73"
"全球:现货价:原油(英国布伦特Dtd)","20221021","91.59"
"全球:现货价:原油(英国布伦特Dtd)","20221024","91.56"
"全球:现货价:原油(英国布伦特Dtd)","20221025","91.79"
"全球:现货价:原油(英国布伦特Dtd)","20221026","94"
"全球:现货价:原油(英国布伦特Dtd)","20221027","95.13"
"全球:现货价:原油(英国布伦特Dtd)","20221028","94.08"
"全球:现货价:原油(英国布伦特Dtd)","20221031","92.97"
"全球:现货价:原油(英国布伦特Dtd)","20221101","95.12"
"全球:现货价:原油(英国布伦特Dtd)","20221102","97.06"
"全球:现货价:原油(英国布伦特Dtd)","20221103","96.1"
"全球:现货价:原油(英国布伦特Dtd)","20221104","98.92"
"全球:现货价:原油(英国布伦特Dtd)","20221107","101.8"
"全球:现货价:原油(英国布伦特Dtd)","20221108","99.07"
"全球:现货价:原油(英国布伦特Dtd)","20221109","95.06"
"全球:现货价:原油(英国布伦特Dtd)","20221110","94.78"
"全球:现货价:原油(英国布伦特Dtd)","20221111","96.89"
"全球:现货价:原油(英国布伦特Dtd)","20221114","95.65"
"全球:现货价:原油(英国布伦特Dtd)","20221115","94.18"
"全球:现货价:原油(英国布伦特Dtd)","20221116","92.42"
"全球:现货价:原油(英国布伦特Dtd)","20221117","91.41"
"全球:现货价:原油(英国布伦特Dtd)","20221118","88.42"
"全球:现货价:原油(英国布伦特Dtd)","20221121","83.31"
"全球:现货价:原油(英国布伦特Dtd)","20221122","89.6"
"全球:现货价:原油(英国布伦特Dtd)","20221123","85.35"
"全球:现货价:原油(英国布伦特Dtd)","20221124","85.73"
"全球:现货价:原油(英国布伦特Dtd)","20221125","85.59"
"全球:现货价:原油(英国布伦特Dtd)","20221128","82.73"
"全球:现货价:原油(英国布伦特Dtd)","20221129","84.14"
"全球:现货价:原油(英国布伦特Dtd)","20221130","86.62"
"全球:现货价:原油(英国布伦特Dtd)","20221201","89.32"
"全球:现货价:原油(英国布伦特Dtd)","20221202","87.02"
"全球:现货价:原油(英国布伦特Dtd)","20221205","85.7"
"全球:现货价:原油(英国布伦特Dtd)","20221206","80.59"
"全球:现货价:原油(英国布伦特Dtd)","20221207","78.76"
"全球:现货价:原油(英国布伦特Dtd)","20221208","76.6"
"全球:现货价:原油(英国布伦特Dtd)","20221209","77.64"
"全球:现货价:原油(英国布伦特Dtd)","20221212","78.79"
"全球:现货价:原油(英国布伦特Dtd)","20221213","81.15"
"全球:现货价:原油(英国布伦特Dtd)","20221214","83.63"
"全球:现货价:原油(英国布伦特Dtd)","20221215","81.98"
"全球:现货价:原油(英国布伦特Dtd)","20221216","79.16"
"全球:现货价:原油(英国布伦特Dtd)","20221219","79.72"
"全球:现货价:原油(英国布伦特Dtd)","20221220","78.63"
"全球:现货价:原油(英国布伦特Dtd)","20221221","80.45"
"全球:现货价:原油(英国布伦特Dtd)","20221222","80.88"
"全球:现货价:原油(英国布伦特Dtd)","20221223","80.91"
"全球:现货价:原油(英国布伦特Dtd)","20221228","81.34"
"全球:现货价:原油(英国布伦特Dtd)","20221229","80.94"
"全球:现货价:原油(英国布伦特Dtd)","20221230","81.41"
"全球:现货价:原油(英国布伦特Dtd)","20230103","81.47"
"全球:现货价:原油(英国布伦特Dtd)","20230104","75.62"
"全球:现货价:原油(英国布伦特Dtd)","20230105","77.13"
"全球:现货价:原油(英国布伦特Dtd)","20230106","77.45"
"全球:现货价:原油(英国布伦特Dtd)","20230109","77.53"
"全球:现货价:原油(英国布伦特Dtd)","20230110","78.09"
"全球:现货价:原油(英国布伦特Dtd)","20230111","80.71"
"全球:现货价:原油(英国布伦特Dtd)","20230112","82.91"
"全球:现货价:原油(英国布伦特Dtd)","20230113","83.35"
"全球:现货价:原油(英国布伦特Dtd)","20230116","83.04"
"全球:现货价:原油(英国布伦特Dtd)","20230117","84.47"
"全球:现货价:原油(英国布伦特Dtd)","20230118","86.08"
"全球:现货价:原油(英国布伦特Dtd)","20230119","84.62"
"全球:现货价:原油(英国布伦特Dtd)","20230120","85.95"
"全球:现货价:原油(英国布伦特Dtd)","20230123","88.42"
"全球:现货价:原油(英国布伦特Dtd)","20230124","86.24"
"全球:现货价:原油(英国布伦特Dtd)","20230125","86.14"
"全球:现货价:原油(英国布伦特Dtd)","20230126","86.96"
"全球:现货价:原油(英国布伦特Dtd)","20230127","86.27"
"全球:现货价:原油(英国布伦特Dtd)","20230130","84.89"
"全球:现货价:原油(英国布伦特Dtd)","20230131","84.29"
"全球:现货价:原油(英国布伦特Dtd)","20230201","83.26"
"全球:现货价:原油(英国布伦特Dtd)","20230202","80.9"
"全球:现货价:原油(英国布伦特Dtd)","20230203","80.69"
"全球:现货价:原油(英国布伦特Dtd)","20230206","79.68"
"全球:现货价:原油(英国布伦特Dtd)","20230207","82.39"
"全球:现货价:原油(英国布伦特Dtd)","20230208","83.22"
"全球:现货价:原油(英国布伦特Dtd)","20230209","83.44"
"全球:现货价:原油(英国布伦特Dtd)","20230210","85.68"
"全球:现货价:原油(英国布伦特Dtd)","20230213","85.64"
"全球:现货价:原油(英国布伦特Dtd)","20230214","84.73"
"全球:现货价:原油(英国布伦特Dtd)","20230215","83.64"
"全球:现货价:原油(英国布伦特Dtd)","20230216","84.25"
"全球:现货价:原油(英国布伦特Dtd)","20230217","82.35"
"全球:现货价:原油(英国布伦特Dtd)","20230220","82.6"
"全球:现货价:原油(英国布伦特Dtd)","20230221","82.29"
"全球:现货价:原油(英国布伦特Dtd)","20230222","80.54"
"全球:现货价:原油(英国布伦特Dtd)","20230223","81.02"
"全球:现货价:原油(英国布伦特Dtd)","20230224","82.04"
"全球:现货价:原油(英国布伦特Dtd)","20230227","81.59"
"全球:现货价:原油(英国布伦特Dtd)","20230228","83.29"
"全球:现货价:原油(英国布伦特Dtd)","20230301","83.76"
"全球:现货价:原油(英国布伦特Dtd)","20230302","85.23"
"全球:现货价:原油(英国布伦特Dtd)","20230303","85.33"
"全球:现货价:原油(英国布伦特Dtd)","20230306","85.9"
"全球:现货价:原油(英国布伦特Dtd)","20230307","84.25"
"全球:现货价:原油(英国布伦特Dtd)","20230308","82.57"
"全球:现货价:原油(英国布伦特Dtd)","20230309","83.34"
"全球:现货价:原油(英国布伦特Dtd)","20230310","82.43"
"全球:现货价:原油(英国布伦特Dtd)","20230313","81.39"
"全球:现货价:原油(英国布伦特Dtd)","20230314","79.12"
"全球:现货价:原油(英国布伦特Dtd)","20230315","71.86"
"全球:现货价:原油(英国布伦特Dtd)","20230316","73.43"
"全球:现货价:原油(英国布伦特Dtd)","20230317","72.31"
"全球:现货价:原油(英国布伦特Dtd)","20230320","71.97"
"全球:现货价:原油(英国布伦特Dtd)","20230321","74.05"
"全球:现货价:原油(英国布伦特Dtd)","20230322","75.53"
"全球:现货价:原油(英国布伦特Dtd)","20230323","76.09"
"全球:现货价:原油(英国布伦特Dtd)","20230324","73.44"
"全球:现货价:原油(英国布伦特Dtd)","20230327","75.55"
"全球:现货价:原油(英国布伦特Dtd)","20230328","77.94"
"全球:现货价:原油(英国布伦特Dtd)","20230329","78.17"
"全球:现货价:原油(英国布伦特Dtd)","20230330","78.09"
"全球:现货价:原油(英国布伦特Dtd)","20230331","79.18"
"全球:现货价:原油(英国布伦特Dtd)","20230403","85.64"
"全球:现货价:原油(英国布伦特Dtd)","20230404","85.37"
"全球:现货价:原油(英国布伦特Dtd)","20230405","85.7"
"全球:现货价:原油(英国布伦特Dtd)","20230406","86.31"
"全球:现货价:原油(英国布伦特Dtd)","20230411","86.16"
"全球:现货价:原油(英国布伦特Dtd)","20230412","88.41"
"全球:现货价:原油(英国布伦特Dtd)","20230413","88.11"
"全球:现货价:原油(英国布伦特Dtd)","20230414","87.93"
"全球:现货价:原油(英国布伦特Dtd)","20230417","86.74"
"全球:现货价:原油(英国布伦特Dtd)","20230418","86.77"
"全球:现货价:原油(英国布伦特Dtd)","20230419","85.62"
"全球:现货价:原油(英国布伦特Dtd)","20230420","83.26"
"全球:现货价:原油(英国布伦特Dtd)","20230421","83.65"
"全球:现货价:原油(英国布伦特Dtd)","20230424","84.54"
"全球:现货价:原油(英国布伦特Dtd)","20230425","82.68"
"全球:现货价:原油(英国布伦特Dtd)","20230426","82.25"
"全球:现货价:原油(英国布伦特Dtd)","20230427","80.22"
"全球:现货价:原油(英国布伦特Dtd)","20230428","82.03"
"全球:现货价:原油(英国布伦特Dtd)","20230502","77.47"
"全球:现货价:原油(英国布伦特Dtd)","20230503","72.52"
"全球:现货价:原油(英国布伦特Dtd)","20230504","73.14"
"全球:现货价:原油(英国布伦特Dtd)","20230505","75.9"
"全球:现货价:原油(英国布伦特Dtd)","20230509","75.86"
"全球:现货价:原油(英国布伦特Dtd)","20230510","77.42"
"全球:现货价:原油(英国布伦特Dtd)","20230511","76.33"
"全球:现货价:原油(英国布伦特Dtd)","20230512","75.57"
"全球:现货价:原油(英国布伦特Dtd)","20230515","75.5"
"全球:现货价:原油(英国布伦特Dtd)","20230516","75.18"
"全球:现货价:原油(英国布伦特Dtd)","20230517","76.6"
"全球:现货价:原油(英国布伦特Dtd)","20230518","76.24"
"全球:现货价:原油(英国布伦特Dtd)","20230519","76.13"
"全球:现货价:原油(英国布伦特Dtd)","20230522","75.91"
"全球:现货价:原油(英国布伦特Dtd)","20230523","77.09"
"全球:现货价:原油(英国布伦特Dtd)","20230524","77.6"
"全球:现货价:原油(英国布伦特Dtd)","20230525","75.84"
"全球:现货价:原油(英国布伦特Dtd)","20230526","76.62"
"全球:现货价:原油(英国布伦特Dtd)","20230530","74.25"
"全球:现货价:原油(英国布伦特Dtd)","20230531","72.97"
"全球:现货价:原油(英国布伦特Dtd)","20230601","74.72"
"全球:现货价:原油(英国布伦特Dtd)","20230602","76.2"
"全球:现货价:原油(英国布伦特Dtd)","20230605","77.53"
"全球:现货价:原油(英国布伦特Dtd)","20230606","76.53"
"全球:现货价:原油(英国布伦特Dtd)","20230607","76.78"
"全球:现货价:原油(英国布伦特Dtd)","20230608","75.79"
"全球:现货价:原油(英国布伦特Dtd)","20230609","75.81"
"全球:现货价:原油(英国布伦特Dtd)","20230612","72.6"
"全球:现货价:原油(英国布伦特Dtd)","20230613","74.1"
"全球:现货价:原油(英国布伦特Dtd)","20230614","73.97"
"全球:现货价:原油(英国布伦特Dtd)","20230615","74.57"
"全球:现货价:原油(英国布伦特Dtd)","20230616","75.35"
"全球:现货价:原油(英国布伦特Dtd)","20230619","75.73"
"全球:现货价:原油(英国布伦特Dtd)","20230620","74.57"
"全球:现货价:原油(英国布伦特Dtd)","20230621","76.56"
"全球:现货价:原油(英国布伦特Dtd)","20230622","74.03"
"全球:现货价:原油(英国布伦特Dtd)","20230623","73.34"
"全球:现货价:原油(英国布伦特Dtd)","20230626","73.82"
"全球:现货价:原油(英国布伦特Dtd)","20230627","72.89"
"全球:现货价:原油(英国布伦特Dtd)","20230628","73.61"
"全球:现货价:原油(英国布伦特Dtd)","20230629","73.07"
"全球:现货价:原油(英国布伦特Dtd)","20230630","75.23"
"全球:现货价:原油(英国布伦特Dtd)","20230703","75.79"
"全球:现货价:原油(英国布伦特Dtd)","20230704","76.08"
"全球:现货价:原油(英国布伦特Dtd)","20230705","77.08"
"全球:现货价:原油(英国布伦特Dtd)","20230706","75.71"
"全球:现货价:原油(英国布伦特Dtd)","20230707","78.17"
"全球:现货价:原油(英国布伦特Dtd)","20230710","78.86"
"全球:现货价:原油(英国布伦特Dtd)","20230711","79.76"
"全球:现货价:原油(英国布伦特Dtd)","20230712","80.47"
"全球:现货价:原油(英国布伦特Dtd)","20230713","80.61"
"全球:现货价:原油(英国布伦特Dtd)","20230714","79.89"
"全球:现货价:原油(英国布伦特Dtd)","20230717","78.77"
"全球:现货价:原油(英国布伦特Dtd)","20230718","79.54"
"全球:现货价:原油(英国布伦特Dtd)","20230719","80.28"
"全球:现货价:原油(英国布伦特Dtd)","20230720","79.37"
"全球:现货价:原油(英国布伦特Dtd)","20230721","80.48"
"全球:现货价:原油(英国布伦特Dtd)","20230724","82.51"
"全球:现货价:原油(英国布伦特Dtd)","20230725","83.05"
"全球:现货价:原油(英国布伦特Dtd)","20230726","84.04"
"全球:现货价:原油(英国布伦特Dtd)","20230727","84.04"
"全球:现货价:原油(英国布伦特Dtd)","20230728","84.28"
"全球:现货价:原油(英国布伦特Dtd)","20230731","85.89"
"全球:现货价:原油(英国布伦特Dtd)","20230801","85.54"
"全球:现货价:原油(英国布伦特Dtd)","20230802","84.32"
"全球:现货价:原油(英国布伦特Dtd)","20230803","86.09"
"全球:现货价:原油(英国布伦特Dtd)","20230804","86.88"
"全球:现货价:原油(英国布伦特Dtd)","20230807","86.57"
"全球:现货价:原油(英国布伦特Dtd)","20230808","86.91"
"全球:现货价:原油(英国布伦特Dtd)","20230809","88.56"
"全球:现货价:原油(英国布伦特Dtd)","20230810","88.48"
"全球:现货价:原油(英国布伦特Dtd)","20230811","88.61"
"全球:现货价:原油(英国布伦特Dtd)","20230814","87.88"
"全球:现货价:原油(英国布伦特Dtd)","20230815","86.43"
"全球:现货价:原油(英国布伦特Dtd)","20230816","86.36"
"全球:现货价:原油(英国布伦特Dtd)","20230817","86.18"
"全球:现货价:原油(英国布伦特Dtd)","20230818","85.94"
"全球:现货价:原油(英国布伦特Dtd)","20230821","86.59"
"全球:现货价:原油(英国布伦特Dtd)","20230822","85.56"
"全球:现货价:原油(英国布伦特Dtd)","20230823","84.27"
"全球:现货价:原油(英国布伦特Dtd)","20230824","84.04"
"全球:现货价:原油(英国布伦特Dtd)","20230825","85.3"
"全球:现货价:原油(英国布伦特Dtd)","20230829","86.16"
"全球:现货价:原油(英国布伦特Dtd)","20230830","86.25"
"全球:现货价:原油(英国布伦特Dtd)","20230831","87.6"
"全球:现货价:原油(英国布伦特Dtd)","20230901","89.61"
"全球:现货价:原油(英国布伦特Dtd)","20230904","90.78"
"全球:现货价:原油(英国布伦特Dtd)","20230905","92"
"全球:现货价:原油(英国布伦特Dtd)","20230906","91.49"
"全球:现货价:原油(英国布伦特Dtd)","20230907","92.58"
"全球:现货价:原油(英国布伦特Dtd)","20230908","92.46"
"全球:现货价:原油(英国布伦特Dtd)","20230911","92.25"
"全球:现货价:原油(英国布伦特Dtd)","20230912","93.86"
"全球:现货价:原油(英国布伦特Dtd)","20230913","93.67"
"全球:现货价:原油(英国布伦特Dtd)","20230914","95.14"
"全球:现货价:原油(英国布伦特Dtd)","20230915","95.16"
"全球:现货价:原油(英国布伦特Dtd)","20230918","96.38"
"全球:现货价:原油(英国布伦特Dtd)","20230919","97.14"
"全球:现货价:原油(英国布伦特Dtd)","20230920","95.89"
"全球:现货价:原油(英国布伦特Dtd)","20230921","94.74"
"全球:现货价:原油(英国布伦特Dtd)","20230922","94.32"
"全球:现货价:原油(英国布伦特Dtd)","20230925","93.59"
"全球:现货价:原油(英国布伦特Dtd)","20230926","94.41"
"全球:现货价:原油(英国布伦特Dtd)","20230927","98.06"
"全球:现货价:原油(英国布伦特Dtd)","20230928","98.01"
"全球:现货价:原油(英国布伦特Dtd)","20230929","96.41"
"全球:现货价:原油(英国布伦特Dtd)","20231002","94.64"
"全球:现货价:原油(英国布伦特Dtd)","20231003","94.96"
"全球:现货价:原油(英国布伦特Dtd)","20231004","91.96"
"全球:现货价:原油(英国布伦特Dtd)","20231005","88.77"
"全球:现货价:原油(英国布伦特Dtd)","20231006","88.26"
"全球:现货价:原油(英国布伦特Dtd)","20231009","91.35"
"全球:现货价:原油(英国布伦特Dtd)","20231010","90.82"
"全球:现货价:原油(英国布伦特Dtd)","20231011","88.3"
"全球:现货价:原油(英国布伦特Dtd)","20231012","89.4"
"全球:现货价:原油(英国布伦特Dtd)","20231013","92.85"
"全球:现货价:原油(英国布伦特Dtd)","20231016","93.23"
"全球:现货价:原油(英国布伦特Dtd)","20231017","91.96"
"全球:现货价:原油(英国布伦特Dtd)","20231018","93.2"
"全球:现货价:原油(英国布伦特Dtd)","20231019","93.22"
"全球:现货价:原油(英国布伦特Dtd)","20231020","95.23"
"全球:现货价:原油(英国布伦特Dtd)","20231023","93.25"
"全球:现货价:原油(英国布伦特Dtd)","20231024","88.73"
"全球:现货价:原油(英国布伦特Dtd)","20231025","89.31"
"全球:现货价:原油(英国布伦特Dtd)","20231026","89.94"
"全球:现货价:原油(英国布伦特Dtd)","20231027","89.26"
"全球:现货价:原油(英国布伦特Dtd)","20231030","89.19"
"全球:现货价:原油(英国布伦特Dtd)","20231031","88.79"
"全球:现货价:原油(英国布伦特Dtd)","20231101","88.88"
"全球:现货价:原油(英国布伦特Dtd)","20231102","88.6"
"全球:现货价:原油(英国布伦特Dtd)","20231103","88.06"
"全球:现货价:原油(英国布伦特Dtd)","20231106","88.17"
"全球:现货价:原油(英国布伦特Dtd)","20231107","84.8"
"全球:现货价:原油(英国布伦特Dtd)","20231108","82.55"
"全球:现货价:原油(英国布伦特Dtd)","20231109","82.79"
"全球:现货价:原油(英国布伦特Dtd)","20231110","83.73"
"全球:现货价:原油(英国布伦特Dtd)","20231113","84.6"
"全球:现货价:原油(英国布伦特Dtd)","20231114","85.4"
"全球:现货价:原油(英国布伦特Dtd)","20231115","82.67"
"全球:现货价:原油(英国布伦特Dtd)","20231116","78.37"
"全球:现货价:原油(英国布伦特Dtd)","20231117","80.37"
"全球:现货价:原油(英国布伦特Dtd)","20231120","83.61"
"全球:现货价:原油(英国布伦特Dtd)","20231121","82.25"
"全球:现货价:原油(英国布伦特Dtd)","20231122","79.63"
"全球:现货价:原油(英国布伦特Dtd)","20231123","81.05"
"全球:现货价:原油(英国布伦特Dtd)","20231124","82.11"
"全球:现货价:原油(英国布伦特Dtd)","20231127","80.16"
"全球:现货价:原油(英国布伦特Dtd)","20231128","82.28"
"全球:现货价:原油(英国布伦特Dtd)","20231129","82.46"
"全球:现货价:原油(英国布伦特Dtd)","20231130","80.63"
"全球:现货价:原油(英国布伦特Dtd)","20231201","81.24"
"全球:现货价:原油(英国布伦特Dtd)","20231204","78.41"
"全球:现货价:原油(英国布伦特Dtd)","20231205","78.15"
"全球:现货价:原油(英国布伦特Dtd)","20231206","74.82"
"全球:现货价:原油(英国布伦特Dtd)","20231207","74.49"
"全球:现货价:原油(英国布伦特Dtd)","20231208","75.83"
"全球:现货价:原油(英国布伦特Dtd)","20231211","76.06"
"全球:现货价:原油(英国布伦特Dtd)","20231212","73.75"
"全球:现货价:原油(英国布伦特Dtd)","20231213","74.16"
"全球:现货价:原油(英国布伦特Dtd)","20231214","77.35"
"全球:现货价:原油(英国布伦特Dtd)","20231215","77.3"
"全球:现货价:原油(英国布伦特Dtd)","20231218","79.42"
"全球:现货价:原油(英国布伦特Dtd)","20231219","80.44"
"全球:现货价:原油(英国布伦特Dtd)","20231220","82.11"
"全球:现货价:原油(英国布伦特Dtd)","20231221","80.65"
"全球:现货价:原油(英国布伦特Dtd)","20231222","80.92"
"全球:现货价:原油(英国布伦特Dtd)","20231227","81.11"
"全球:现货价:原油(英国布伦特Dtd)","20231228","79.31"
"全球:现货价:原油(英国布伦特Dtd)","20231229","77.8"
"全球:现货价:原油(英国布伦特Dtd)","20240102","75.95"
"全球:现货价:原油(英国布伦特Dtd)","20240103","77.37"
"全球:现货价:原油(英国布伦特Dtd)","20240104","76.18"
"全球:现货价:原油(英国布伦特Dtd)","20240105","78.81"
"全球:现货价:原油(英国布伦特Dtd)","20240108","75.98"
"全球:现货价:原油(英国布伦特Dtd)","20240109","78.95"
"全球:现货价:原油(英国布伦特Dtd)","20240110","79"
"全球:现货价:原油(英国布伦特Dtd)","20240111","80.83"
"全球:现货价:原油(英国布伦特Dtd)","20240112","80.12"
"全球:现货价:原油(英国布伦特Dtd)","20240115","79.74"
"全球:现货价:原油(英国布伦特Dtd)","20240116","79.96"
"全球:现货价:原油(英国布伦特Dtd)","20240117","79.66"
"全球:现货价:原油(英国布伦特Dtd)","20240118","81.13"
"全球:现货价:原油(英国布伦特Dtd)","20240119","85.83"
"全球:现货价:原油(英国布伦特Dtd)","20240122","82.46"
"全球:现货价:原油(英国布伦特Dtd)","20240123","82.39"
"全球:现货价:原油(英国布伦特Dtd)","20240124","82.37"
"全球:现货价:原油(英国布伦特Dtd)","20240125","83.33"
"全球:现货价:原油(英国布伦特Dtd)","20240126","83.49"
"全球:现货价:原油(英国布伦特Dtd)","20240129","84.22"
"全球:现货价:原油(英国布伦特Dtd)","20240130","84.38"
"全球:现货价:原油(英国布伦特Dtd)","20240131","82.94"
"全球:现货价:原油(英国布伦特Dtd)","20240201","83.58"
"全球:现货价:原油(英国布伦特Dtd)","20240202","79.35"
"全球:现货价:原油(英国布伦特Dtd)","20240205","79.32"
"全球:现货价:原油(英国布伦特Dtd)","20240206","81.16"
"全球:现货价:原油(英国布伦特Dtd)","20240207","81.96"
"全球:现货价:原油(英国布伦特Dtd)","20240208","84.5"
"全球:现货价:原油(英国布伦特Dtd)","20240209","84.78"
"全球:现货价:原油(英国布伦特Dtd)","20240213","86.22"
"全球:现货价:原油(英国布伦特Dtd)","20240214","85.16"
"全球:现货价:原油(英国布伦特Dtd)","20240215","85.83"
"全球:现货价:原油(英国布伦特Dtd)","20240216","86.3"
"全球:现货价:原油(英国布伦特Dtd)","20240219","86.72"
"全球:现货价:原油(英国布伦特Dtd)","20240220","85.03"
"全球:现货价:原油(英国布伦特Dtd)","20240221","85.5"
"全球:现货价:原油(英国布伦特Dtd)","20240222","85.63"
"全球:现货价:原油(英国布伦特Dtd)","20240223","85.81"
"全球:现货价:原油(英国布伦特Dtd)","20240226","83.33"
"全球:现货价:原油(英国布伦特Dtd)","20240227","84.31"
"全球:现货价:原油(英国布伦特Dtd)","20240228","83.74"
"全球:现货价:原油(英国布伦特Dtd)","20240229","84.83"
"全球:现货价:原油(英国布伦特Dtd)","20240301","87.59"
"全球:现货价:原油(英国布伦特Dtd)","20240304","86.3"
"全球:现货价:原油(英国布伦特Dtd)","20240305","85.37"
"全球:现货价:原油(英国布伦特Dtd)","20240306","86.48"
"全球:现货价:原油(英国布伦特Dtd)","20240307","84.95"
"全球:现货价:原油(英国布伦特Dtd)","20240308","83.77"
"全球:现货价:原油(英国布伦特Dtd)","20240311","83.81"
"全球:现货价:原油(英国布伦特Dtd)","20240312","83.38"
"全球:现货价:原油(英国布伦特Dtd)","20240313","84.35"
"全球:现货价:原油(英国布伦特Dtd)","20240314","85.57"
"全球:现货价:原油(英国布伦特Dtd)","20240315","85.42"
"全球:现货价:原油(英国布伦特Dtd)","20240318","86.43"
"全球:现货价:原油(英国布伦特Dtd)","20240319","87.46"
"全球:现货价:原油(英国布伦特Dtd)","20240320","85.79"
"全球:现货价:原油(英国布伦特Dtd)","20240321","85.31"
"全球:现货价:原油(英国布伦特Dtd)","20240322","85.18"
"全球:现货价:原油(英国布伦特Dtd)","20240325","86.52"
"全球:现货价:原油(英国布伦特Dtd)","20240326","86.11"
"全球:现货价:原油(英国布伦特Dtd)","20240327","85.21"
"全球:现货价:原油(英国布伦特Dtd)","20240328","87.14"
"全球:现货价:原油(英国布伦特Dtd)","20240402","90.23"
"全球:现货价:原油(英国布伦特Dtd)","20240403","91.29"
"全球:现货价:原油(英国布伦特Dtd)","20240404","90.62"
"全球:现货价:原油(英国布伦特Dtd)","20240405","93.52"
"全球:现货价:原油(英国布伦特Dtd)","20240408","92.4"
"全球:现货价:原油(英国布伦特Dtd)","20240409","92.1"
"全球:现货价:原油(英国布伦特Dtd)","20240410","91.45"
"全球:现货价:原油(英国布伦特Dtd)","20240411","91.87"
"全球:现货价:原油(英国布伦特Dtd)","20240412","93.57"
"全球:现货价:原油(英国布伦特Dtd)","20240415","90.72"
"全球:现货价:原油(英国布伦特Dtd)","20240416","91.49"
"全球:现货价:原油(英国布伦特Dtd)","20240417","89.79"
"全球:现货价:原油(英国布伦特Dtd)","20240418","88.37"
"全球:现货价:原油(英国布伦特Dtd)","20240419","88.25"
"全球:现货价:原油(英国布伦特Dtd)","20240422","87.63"
"全球:现货价:原油(英国布伦特Dtd)","20240423","88.97"
"全球:现货价:原油(英国布伦特Dtd)","20240424","89.13"
"全球:现货价:原油(英国布伦特Dtd)","20240425","88.42"
"全球:现货价:原油(英国布伦特Dtd)","20240426","90.19"
"全球:现货价:原油(英国布伦特Dtd)","20240429","89.12"
"全球:现货价:原油(英国布伦特Dtd)","20240430","88.15"
"全球:现货价:原油(英国布伦特Dtd)","20240501","85.1"
"全球:现货价:原油(英国布伦特Dtd)","20240502","84.15"
"全球:现货价:原油(英国布伦特Dtd)","20240503","83.51"
"全球:现货价:原油(英国布伦特Dtd)","20240507","82.14"
"全球:现货价:原油(英国布伦特Dtd)","20240508","83.42"
"全球:现货价:原油(英国布伦特Dtd)","20240509","83.48"
"全球:现货价:原油(英国布伦特Dtd)","20240510","83.26"
"全球:现货价:原油(英国布伦特Dtd)","20240513","82.39"
"全球:现货价:原油(英国布伦特Dtd)","20240514","80.57"
"全球:现货价:原油(英国布伦特Dtd)","20240515","81.75"
"全球:现货价:原油(英国布伦特Dtd)","20240516","81.96"
"全球:现货价:原油(英国布伦特Dtd)","20240517","82.52"
"全球:现货价:原油(英国布伦特Dtd)","20240520","82.52"
"全球:现货价:原油(英国布伦特Dtd)","20240521","81.56"
"全球:现货价:原油(英国布伦特Dtd)","20240522","80.91"
"全球:现货价:原油(英国布伦特Dtd)","20240523","79.9"
"全球:现货价:原油(英国布伦特Dtd)","20240524","80.19"
"全球:现货价:原油(英国布伦特Dtd)","20240528","82.68"
"全球:现货价:原油(英国布伦特Dtd)","20240529","82.61"
"全球:现货价:原油(英国布伦特Dtd)","20240530","81.21"
"全球:现货价:原油(英国布伦特Dtd)","20240531","80.47"
"全球:现货价:原油(英国布伦特Dtd)","20240603","77.07"
"全球:现货价:原油(英国布伦特Dtd)","20240604","76.32"
"全球:现货价:原油(英国布伦特Dtd)","20240605","76.18"
"全球:现货价:原油(英国布伦特Dtd)","20240606","78.67"
"全球:现货价:原油(英国布伦特Dtd)","20240607","78.36"
"全球:现货价:原油(英国布伦特Dtd)","20240610","80.17"
"全球:现货价:原油(英国布伦特Dtd)","20240611","80.93"
"全球:现货价:原油(英国布伦特Dtd)","20240612","81.52"
"全球:现货价:原油(英国布伦特Dtd)","20240613","81.77"
"全球:现货价:原油(英国布伦特Dtd)","20240614","81.95"
"全球:现货价:原油(英国布伦特Dtd)","20240617","83.46"
"全球:现货价:原油(英国布伦特Dtd)","20240618","85.51"
"全球:现货价:原油(英国布伦特Dtd)","20240619","86.44"
"全球:现货价:原油(英国布伦特Dtd)","20240620","86.35"
"全球:现货价:原油(英国布伦特Dtd)","20240621","87.14"
"全球:现货价:原油(英国布伦特Dtd)","20240624","87.38"
"全球:现货价:原油(英国布伦特Dtd)","20240625","86.82"
"全球:现货价:原油(英国布伦特Dtd)","20240626","85.57"
"全球:现货价:原油(英国布伦特Dtd)","20240627","87.46"
"全球:现货价:原油(英国布伦特Dtd)","20240628","86.94"
"全球:现货价:原油(英国布伦特Dtd)","20240701","88.16"
"全球:现货价:原油(英国布伦特Dtd)","20240702","88.6"
"全球:现货价:原油(英国布伦特Dtd)","20240703","87.84"
"全球:现货价:原油(英国布伦特Dtd)","20240704","89"
"全球:现货价:原油(英国布伦特Dtd)","20240705","89.22"
"全球:现货价:原油(英国布伦特Dtd)","20240708","87.88"
"全球:现货价:原油(英国布伦特Dtd)","20240709","86.39"
"全球:现货价:原油(英国布伦特Dtd)","20240710","87.35"
"全球:现货价:原油(英国布伦特Dtd)","20240711","87.51"
"全球:现货价:原油(英国布伦特Dtd)","20240712","87.96"
"全球:现货价:原油(英国布伦特Dtd)","20240715","86.69"
"全球:现货价:原油(英国布伦特Dtd)","20240716","85.83"
"全球:现货价:原油(英国布伦特Dtd)","20240717","86.43"
"全球:现货价:原油(英国布伦特Dtd)","20240718","86.63"
"全球:现货价:原油(英国布伦特Dtd)","20240719","85.35"
"全球:现货价:原油(英国布伦特Dtd)","20240722","83.08"
"全球:现货价:原油(英国布伦特Dtd)","20240723","82.11"
"全球:现货价:原油(英国布伦特Dtd)","20240724","83.15"
"全球:现货价:原油(英国布伦特Dtd)","20240725","82.81"
"全球:现货价:原油(英国布伦特Dtd)","20240726","81.35"
"全球:现货价:原油(英国布伦特Dtd)","20240729","80.96"
"全球:现货价:原油(英国布伦特Dtd)","20240730","79.33"
"全球:现货价:原油(英国布伦特Dtd)","20240731","81.6"
"全球:现货价:原油(英国布伦特Dtd)","20240801","82.06"
"全球:现货价:原油(英国布伦特Dtd)","20240802","78.39"
"全球:现货价:原油(英国布伦特Dtd)","20240805","76.82"
"全球:现货价:原油(英国布伦特Dtd)","20240806","76.4"
"全球:现货价:原油(英国布伦特Dtd)","20240807","80.1"
"全球:现货价:原油(英国布伦特Dtd)","20240808","81.39"
"全球:现货价:原油(英国布伦特Dtd)","20240809","81.78"
"全球:现货价:原油(英国布伦特Dtd)","20240812","83.47"
"全球:现货价:原油(英国布伦特Dtd)","20240813","83.48"
"全球:现货价:原油(英国布伦特Dtd)","20240814","83.16"
"全球:现货价:原油(英国布伦特Dtd)","20240815","84.39"
"全球:现货价:原油(英国布伦特Dtd)","20240816","82.28"
"全球:现货价:原油(英国布伦特Dtd)","20240819","81.81"
"全球:现货价:原油(英国布伦特Dtd)","20240820","79.63"
"全球:现货价:原油(英国布伦特Dtd)","20240821","79.89"
"全球:现货价:原油(英国布伦特Dtd)","20240822","79.66"
"全球:现货价:原油(英国布伦特Dtd)","20240823","81.14"
"全球:现货价:原油(英国布伦特Dtd)","20240827","82.56"
"全球:现货价:原油(英国布伦特Dtd)","20240828","81.29"
"全球:现货价:原油(英国布伦特Dtd)","20240829","82.71"
"全球:现货价:原油(英国布伦特Dtd)","20240830","80.22"
"全球:现货价:原油(英国布伦特Dtd)","20240902","79.69"
"全球:现货价:原油(英国布伦特Dtd)","20240903","76.1"
"全球:现货价:原油(英国布伦特Dtd)","20240904","75.3"
"全球:现货价:原油(英国布伦特Dtd)","20240905","75.25"
"全球:现货价:原油(英国布伦特Dtd)","20240906","73.19"
"全球:现货价:原油(英国布伦特Dtd)","20240909","72.33"
"全球:现货价:原油(英国布伦特Dtd)","20240910","70.83"
"全球:现货价:原油(英国布伦特Dtd)","20240911","71.28"
"全球:现货价:原油(英国布伦特Dtd)","20240912","74.75"
"全球:现货价:原油(英国布伦特Dtd)","20240913","74.01"
"全球:现货价:原油(英国布伦特Dtd)","20240916","73.91"
"全球:现货价:原油(英国布伦特Dtd)","20240917","75"
"全球:现货价:原油(英国布伦特Dtd)","20240918","75.1"
"全球:现货价:原油(英国布伦特Dtd)","20240919","76.78"
"全球:现货价:原油(英国布伦特Dtd)","20240920","76.12"
"全球:现货价:原油(英国布伦特Dtd)","20240923","75.35"
"全球:现货价:原油(英国布伦特Dtd)","20240924","75.95"
"全球:现货价:原油(英国布伦特Dtd)","20240925","75.49"
"全球:现货价:原油(英国布伦特Dtd)","20240926","72.75"
"全球:现货价:原油(英国布伦特Dtd)","20240927","72.23"
"全球:现货价:原油(英国布伦特Dtd)","20240930","73.09"
"全球:现货价:原油(英国布伦特Dtd)","20241001","75.42"
"全球:现货价:原油(英国布伦特Dtd)","20241002","75.07"
"全球:现货价:原油(英国布伦特Dtd)","20241003","78.16"
"全球:现货价:原油(英国布伦特Dtd)","20241004","79.67"
"全球:现货价:原油(英国布伦特Dtd)","20241007","81.33"
"全球:现货价:原油(英国布伦特Dtd)","20241008","78.01"
"全球:现货价:原油(英国布伦特Dtd)","20241009","77.92"
"全球:现货价:原油(英国布伦特Dtd)","20241010","79.52"
"全球:现货价:原油(英国布伦特Dtd)","20241011","80.25"
"全球:现货价:原油(英国布伦特Dtd)","20241014","77.87"
"全球:现货价:原油(英国布伦特Dtd)","20241015","73.79"
"全球:现货价:原油(英国布伦特Dtd)","20241016","73.95"
"全球:现货价:原油(英国布伦特Dtd)","20241017","74.31"
"全球:现货价:原油(英国布伦特Dtd)","20241018","72.77"
"全球:现货价:原油(英国布伦特Dtd)","20241021","73.74"
"全球:现货价:原油(英国布伦特Dtd)","20241022","75.78"
"全球:现货价:原油(英国布伦特Dtd)","20241023","74.76"
"全球:现货价:原油(英国布伦特Dtd)","20241024","74.55"
"全球:现货价:原油(英国布伦特Dtd)","20241025","76.07"
"全球:现货价:原油(英国布伦特Dtd)","20241028","72.36"
"全球:现货价:原油(英国布伦特Dtd)","20241029","71.61"
"全球:现货价:原油(英国布伦特Dtd)","20241030","73.43"
"全球:现货价:原油(英国布伦特Dtd)","20241031","73.46"
"全球:现货价:原油(英国布伦特Dtd)","20241101","74.33"
"全球:现货价:原油(英国布伦特Dtd)","20241104","75.77"
"全球:现货价:原油(英国布伦特Dtd)","20241105","77"
"全球:现货价:原油(英国布伦特Dtd)","20241106","76.31"
"全球:现货价:原油(英国布伦特Dtd)","20241107","75.83"
"全球:现货价:原油(英国布伦特Dtd)","20241108","74.2"
"全球:现货价:原油(英国布伦特Dtd)","20241111","72.5"
"全球:现货价:原油(英国布伦特Dtd)","20241112","73.21"
"全球:现货价:原油(英国布伦特Dtd)","20241113","73.59"
"全球:现货价:原油(英国布伦特Dtd)","20241114","73.78"
"全球:现货价:原油(英国布伦特Dtd)","20241115","73.76"
"全球:现货价:原油(英国布伦特Dtd)","20241118","74.56"
"全球:现货价:原油(英国布伦特Dtd)","20241119","74.07"
"全球:现货价:原油(英国布伦特Dtd)","20241120","74.66"
"全球:现货价:原油(英国布伦特Dtd)","20241121","75.38"
"全球:现货价:原油(英国布伦特Dtd)","20241122","76.24"
"全球:现货价:原油(英国布伦特Dtd)","20241125","74.35"
"全球:现货价:原油(英国布伦特Dtd)","20241126","74.73"
"全球:现货价:原油(英国布伦特Dtd)","20241127","74.11"
"全球:现货价:原油(英国布伦特Dtd)","20241128","74.13"
"全球:现货价:原油(英国布伦特Dtd)","20241129","74.34"
"全球:现货价:原油(英国布伦特Dtd)","20241202","73.25"
"全球:现货价:原油(英国布伦特Dtd)","20241203","75.16"
"全球:现货价:原油(英国布伦特Dtd)","20241204","74.95"
"全球:现货价:原油(英国布伦特Dtd)","20241205","73.97"
"全球:现货价:原油(英国布伦特Dtd)","20241206","72.83"
"全球:现货价:原油(英国布伦特Dtd)","20241209","74.03"
"全球:现货价:原油(英国布伦特Dtd)","20241210","73.91"
"全球:现货价:原油(英国布伦特Dtd)","20241211","74.44"
"全球:现货价:原油(英国布伦特Dtd)","20241212","73.63"
"全球:现货价:原油(英国布伦特Dtd)","20241213","75.24"
"全球:现货价:原油(英国布伦特Dtd)","20241216","74.82"
"全球:现货价:原油(英国布伦特Dtd)","20241217","73.89"
"全球:现货价:原油(英国布伦特Dtd)","20241218","75.02"
"全球:现货价:原油(英国布伦特Dtd)","20241219","73.82"
"全球:现货价:原油(英国布伦特Dtd)","20241220","73.58"
"全球:现货价:原油(英国布伦特Dtd)","20241223","72.16"
"全球:现货价:原油(英国布伦特Dtd)","20241224","73.18"
"全球:现货价:原油(英国布伦特Dtd)","20241227","74.25"
"全球:现货价:原油(英国布伦特Dtd)","20241230","74.36"
"全球:现货价:原油(英国布伦特Dtd)","20241231","74.67"
"全球:现货价:原油(英国布伦特Dtd)","20250102","76.73"
"全球:现货价:原油(英国布伦特Dtd)","20250103","76.8"
"全球:现货价:原油(英国布伦特Dtd)","20250106","77.62"
"全球:现货价:原油(英国布伦特Dtd)","20250107","77.97"
"全球:现货价:原油(英国布伦特Dtd)","20250108","77.31"
"全球:现货价:原油(英国布伦特Dtd)","20250109","78.12"
"全球:现货价:原油(英国布伦特Dtd)","20250110","80.52"
"全球:现货价:原油(英国布伦特Dtd)","20250113","83.03"
"全球:现货价:原油(英国布伦特Dtd)","20250114","81.97"
"全球:现货价:原油(英国布伦特Dtd)","20250115","83.2"
"全球:现货价:原油(英国布伦特Dtd)","20250116","82.48"
"全球:现货价:原油(英国布伦特Dtd)","20250117","82.41"
"全球:现货价:原油(英国布伦特Dtd)","20250120","80.89"
"全球:现货价:原油(英国布伦特Dtd)","20250121","80.57"
"全球:现货价:原油(英国布伦特Dtd)","20250122","80.08"
"全球:现货价:原油(英国布伦特Dtd)","20250123","78.82"
"全球:现货价:原油(英国布伦特Dtd)","20250124","78.88"
"全球:现货价:原油(英国布伦特Dtd)","20250127","78.1"
"全球:现货价:原油(英国布伦特Dtd)","20250128","77.78"
"全球:现货价:原油(英国布伦特Dtd)","20250131","77.29"
"全球:现货价:原油(英国布伦特Dtd)","20250203","76.36"
"全球:现货价:原油(英国布伦特Dtd)","20250204","76.47"
"全球:现货价:原油(英国布伦特Dtd)","20250205","75.11"
"全球:现货价:原油(英国布伦特Dtd)","20250206","75.29"
"全球:现货价:原油(英国布伦特Dtd)","20250207","74.58"
"全球:现货价:原油(英国布伦特Dtd)","20250210","76.2"
"全球:现货价:原油(英国布伦特Dtd)","20250211","77.18"
"全球:现货价:原油(英国布伦特Dtd)","20250212","75.9"
"全球:现货价:原油(英国布伦特Dtd)","20250213","75.36"
"全球:现货价:原油(英国布伦特Dtd)","20250214","75.14"
"全球:现货价:原油(英国布伦特Dtd)","20250217","75.48"
"全球:现货价:原油(英国布伦特Dtd)","20250218","75.81"
"全球:现货价:原油(英国布伦特Dtd)","20250219","76.59"
"全球:现货价:原油(英国布伦特Dtd)","20250220","77.01"
"全球:现货价:原油(英国布伦特Dtd)","20250221","75.26"
"全球:现货价:原油(英国布伦特Dtd)","20250224","74.63"
"全球:现货价:原油(英国布伦特Dtd)","20250225","73.12"
"全球:现货价:原油(英国布伦特Dtd)","20250226","72.93"
"全球:现货价:原油(英国布伦特Dtd)","20250227","74.23"
"全球:现货价:原油(英国布伦特Dtd)","20250228","73.55"
"全球:现货价:原油(英国布伦特Dtd)","20250303","74.03"
"全球:现货价:原油(英国布伦特Dtd)","20250304","71.8"
"全球:现货价:原油(英国布伦特Dtd)","20250305","70.11"
"全球:现货价:原油(英国布伦特Dtd)","20250306","70.39"
"全球:现货价:原油(英国布伦特Dtd)","20250307","72.19"
"全球:现货价:原油(英国布伦特Dtd)","20250310","71.11"
"全球:现货价:原油(英国布伦特Dtd)","20250311","71.43"
"全球:现货价:原油(英国布伦特Dtd)","20250312","72.48"
"全球:现货价:原油(英国布伦特Dtd)","20250313","71.43"
"全球:现货价:原油(英国布伦特Dtd)","20250314","71.67"
"全球:现货价:原油(英国布伦特Dtd)","20250317","72.42"
"全球:现货价:原油(英国布伦特Dtd)","20250318","71.81"
"全球:现货价:原油(英国布伦特Dtd)","20250319","71.54"
"全球:现货价:原油(英国布伦特Dtd)","20250320","72.76"
"全球:现货价:原油(英国布伦特Dtd)","20250321","72.84"
"全球:现货价:原油(英国布伦特Dtd)","20250324","73.94"
"全球:现货价:原油(英国布伦特Dtd)","20250325","73.9"
"全球:现货价:原油(英国布伦特Dtd)","20250326","75.06"
"全球:现货价:原油(英国布伦特Dtd)","20250327","74.55"
"全球:现货价:原油(英国布伦特Dtd)","20250328","74.64"
"全球:现货价:原油(英国布伦特Dtd)","20250331","77.35"
"全球:现货价:原油(英国布伦特Dtd)","20250401","77.73"
"全球:现货价:原油(英国布伦特Dtd)","20250402","77.56"
"全球:现货价:原油(英国布伦特Dtd)","20250403","72.6"
"全球:现货价:原油(英国布伦特Dtd)","20250404","68.17"
"全球:现货价:原油(英国布伦特Dtd)","20250407","66.88"
"全球:现货价:原油(英国布伦特Dtd)","20250408","66.39"
"全球:现货价:原油(英国布伦特Dtd)","20250409","62.8"
"全球:现货价:原油(英国布伦特Dtd)","20250410","65.46"
"全球:现货价:原油(英国布伦特Dtd)","20250411","66.16"
"全球:现货价:原油(英国布伦特Dtd)","20250414","67.06"
"全球:现货价:原油(英国布伦特Dtd)","20250415","66.59"
"全球:现货价:原油(英国布伦特Dtd)","20250416","67.93"
"全球:现货价:原油(英国布伦特Dtd)","20250417","68.67"
"全球:现货价:原油(英国布伦特Dtd)","20250422","69.21"
"全球:现货价:原油(英国布伦特Dtd)","20250423","67.14"
"全球:现货价:原油(英国布伦特Dtd)","20250424","67.33"
"全球:现货价:原油(英国布伦特Dtd)","20250425","67.53"
"全球:现货价:原油(英国布伦特Dtd)","20250428","65.72"
"全球:现货价:原油(英国布伦特Dtd)","20250429","64.37"
"全球:现货价:原油(英国布伦特Dtd)","20250430","63.49"
"全球:现货价:原油(英国布伦特Dtd)","20250501","61.83"
"全球:现货价:原油(英国布伦特Dtd)","20250502","61.47"
"全球:现货价:原油(英国布伦特Dtd)","20250506","62.9"
"全球:现货价:原油(英国布伦特Dtd)","20250507","61.18"
"全球:现货价:原油(英国布伦特Dtd)","20250508","62.53"
"全球:现货价:原油(英国布伦特Dtd)","20250509","63.8"
"全球:现货价:原油(英国布伦特Dtd)","20250512","65.34"
"全球:现货价:原油(英国布伦特Dtd)","20250513","66.19"
"全球:现货价:原油(英国布伦特Dtd)","20250514","66.06"
"全球:现货价:原油(英国布伦特Dtd)","20250515","64.24"
"全球:现货价:原油(英国布伦特Dtd)","20250516","65.18"
"全球:现货价:原油(英国布伦特Dtd)","20250519","66.19"
"全球:现货价:原油(英国布伦特Dtd)","20250520","65.75"
"全球:现货价:原油(英国布伦特Dtd)","20250521","65.45"
"全球:现货价:原油(英国布伦特Dtd)","20250522","64.79"
"全球:现货价:原油(英国布伦特Dtd)","20250523","65.62"
"全球:现货价:原油(英国布伦特Dtd)","20250527","64.43"
"全球:现货价:原油(英国布伦特Dtd)","20250528","65.52"
"全球:现货价:原油(英国布伦特Dtd)","20250529","64.71"
"全球:现货价:原油(英国布伦特Dtd)","20250530","63.99"
"全球:现货价:原油(英国布伦特Dtd)","20250602","67.06"
"全球:现货价:原油(英国布伦特Dtd)","20250603","68.1"
"全球:现货价:原油(英国布伦特Dtd)","20250604","66.61"
"全球:现货价:原油(英国布伦特Dtd)","20250605","67.26"
"全球:现货价:原油(英国布伦特Dtd)","20250606","68.34"
"全球:现货价:原油(英国布伦特Dtd)","20250609","68.92"
"全球:现货价:原油(英国布伦特Dtd)","20250610","69.87"
"全球:现货价:原油(英国布伦特Dtd)","20250611","69.73"
"全球:现货价:原油(英国布伦特Dtd)","20250612","70.97"
"全球:现货价:原油(英国布伦特Dtd)","20250613","75.29"
