date,weighted_teu
2020/1/6,851804.2879
2020/1/13,910797.3754
2020/1/20,817815.18
2020/1/27,775762.6396
2020/2/3,728618.5833
2020/2/10,882103.2863
2020/2/17,734700.3658
2020/2/24,486191.9146
2020/3/2,388141.3204
2020/3/9,528675.0317
2020/3/16,643641.0396
2020/3/23,601815.7096
2020/3/30,580110.7317
2020/4/6,823587.8013
2020/4/13,795777.0225
2020/4/20,785347.0183
2020/4/27,1236092.253
2020/5/4,607031.0846
2020/5/11,732782.0642
2020/5/18,708141.1629
2020/5/25,569519.6579
2020/6/1,663265.0008
2020/6/8,1044859.723
2020/6/15,869154.3279
2020/6/22,846674.9983
2020/6/29,910722.0446
2020/7/6,1068607.402
2020/7/13,947063.4879
2020/7/20,928633.5842
2020/7/27,1068048.398
2020/8/3,994888.0896
2020/8/10,1086230.5
2020/8/17,1009683.316
2020/8/24,1088570.836
2020/8/31,1173914.703
2020/9/7,1068692.984
2020/9/14,1183558.721
2020/9/21,1223220.335
2020/9/28,1351582.508
2020/10/5,1398028.173
2020/10/12,1692719.631
2020/10/19,1435003.143
2020/10/26,1555679.856
2020/11/2,1441153.241
2020/11/9,1271638.823
2020/11/16,1731758.236
2020/11/23,2149296.498
2020/11/30,1343606.156
2020/12/7,1634714.435
2020/12/14,1591708.076
2020/12/21,1825572.92
2020/12/28,1691610.06
2021/1/4,1465961.732
2021/1/11,1593795.96
2021/1/18,1899782.329
2021/1/25,1393275.692
2021/2/1,1993534.535
2021/2/8,2045901.928
2021/2/15,1526149.281
2021/2/22,1732891.76
2021/3/1,1614582.824
2021/3/8,1643580.921
2021/3/15,1884307.56
2021/3/22,1635476.977
2021/3/29,1802486.456
2021/4/5,1709402.453
2021/4/12,1840382.812
2021/4/19,1392596.373
2021/4/26,1670268.458
2021/5/3,2887644.976
2021/5/10,1633905.492
2021/5/17,1654271.395
2021/5/24,1653389.941
2021/5/31,1972644.513
2021/6/7,1106878.121
2021/6/14,1657107.367
2021/6/21,1477137.428
2021/6/28,1466049.564
2021/7/5,1589526.707
2021/7/12,1495712.684
2021/7/19,2091775.574
2021/7/26,1514481.952
2021/8/2,1773446.115
2021/8/9,1797505.39
2021/8/16,1599417.208
2021/8/23,1817204.55
2021/8/30,1569584.602
2021/9/6,1602196.565
2021/9/13,2147230.597
2021/9/20,1394846.535
2021/9/27,1749706.15
2021/10/4,1861903.729
2021/10/11,2172238.88
2021/10/18,1525469.016
2021/10/25,1886310.168
2021/11/1,1848973.48
2021/11/8,1366653.232
2021/11/15,1736858.815
2021/11/22,2004887.167
2021/11/29,1400856.892
2021/12/6,1963087.835
2021/12/13,1814354.005
2021/12/20,2140763.804
2021/12/27,1621558.439
2022/1/3,1717612.032
2022/1/10,1824790.312
2022/1/17,1903596.339
2022/1/24,1449684.948
2022/1/31,1556595.18
2022/2/7,1643881.593
2022/2/14,1815347.979
2022/2/21,1617884.908
2022/2/28,1636816.592
2022/3/7,1807448.934
2022/3/14,1645040.347
2022/3/21,1608910.044
2022/3/28,1957578.611
2022/4/4,1915527.205
2022/4/11,1385474.659
2022/4/18,1747418.295
2022/4/25,1838170.91
2022/5/2,1788111.35
2022/5/9,1295158.196
2022/5/16,1692755.344
2022/5/23,1544183.366
2022/5/30,1725163.183
2022/6/6,1437273.548
2022/6/13,1641601.96
2022/6/20,1573922.551
2022/6/27,1795523.34
2022/7/4,2316130.091
2022/7/11,1154578.563
2022/7/18,1592951.847
2022/7/25,1558518.794
2022/8/1,1804190.223
2022/8/8,1610863.821
2022/8/15,1372869.657
2022/8/22,1486263.595
2022/8/29,1443951.574
2022/9/5,1192209.456
2022/9/12,1297184.73
2022/9/19,1162608.405
2022/9/26,941987.4683
2022/10/3,1095736.353
2022/10/10,1253015.035
2022/10/17,975094.0658
2022/10/24,923601.8529
2022/10/31,887433.0588
2022/11/7,723114.0058
2022/11/14,1076720.378
2022/11/21,1063283.51
2022/11/28,563902.8096
2022/12/5,970604.6733
2022/12/12,1151568.101
2022/12/19,880690.3079
2022/12/26,843594.2896
2023/1/2,1293727.78
2023/1/9,536765.8367
2023/1/16,990706.8563
2023/1/23,1310789.878
2023/1/30,1331670.63
2023/2/6,897270.6813
2023/2/13,1082674.026
2023/2/20,792460.3554
2023/2/27,585310.6258
2023/3/6,683647.0788
2023/3/13,1117472.138
2023/3/20,930145.8563
2023/3/27,660234.6425
2023/4/3,1335661.211
2023/4/10,1004741.611
2023/4/17,1268536.444
2023/4/24,904212.0179
2023/5/1,1011482.921
2023/5/8,1112185.064
2023/5/15,1088860.146
2023/5/22,919559.2704
2023/5/29,1063801.3
2023/6/5,1573929.772
2023/6/12,1180464.904
2023/6/19,1313858.236
2023/6/26,971989.2079
2023/7/3,1060273.238
2023/7/10,1169035.444
2023/7/17,775368.3538
2023/7/24,1069361.995
2023/7/31,934621.4788
2023/8/7,1374108.447
2023/8/14,793034.7896
2023/8/21,1462765.383
2023/8/28,907004.1975
2023/9/4,1367097.397
2023/9/11,1346531.722
2023/9/18,860417.1675
2023/9/25,1161859.293
2023/10/2,1085096.778
2023/10/9,1338755.911
2023/10/16,1046470.671
2023/10/23,1103475.978
2023/10/30,686961.6596
2023/11/6,1003833.346
2023/11/13,1044753.652
2023/11/20,1249583.943
2023/11/27,1374575.802
2023/12/4,1199809.498
2023/12/11,953341.8158
2023/12/18,1119359.015
2023/12/25,1090670.897
2024/1/1,965905.7454
2024/1/8,1249245.638
2024/1/15,1125712.545
2024/1/22,1197387.847
2024/1/29,1240900.115
2024/2/5,1124949.689
2024/2/12,1192630.835
2024/2/19,1321412.667
2024/2/26,1231791.17
2024/3/4,1001646.275
2024/3/11,890365.1163
2024/3/18,632959.9642
2024/3/25,881234.5058
2024/4/1,992611.92
2024/4/8,1067872.932
2024/4/15,990657.2258
2024/4/22,1132258.606
2024/4/29,1090911.985
2024/5/6,961238.1583
2024/5/13,1170235.071
2024/5/20,698320.7013
2024/5/27,1113628.11
2024/6/3,1220263.894
2024/6/10,1029404.259
2024/6/17,1295253.254
2024/6/24,859870.565
2024/7/1,1262201.495
2024/7/8,1148751.41
2024/7/15,1261950.393
2024/7/22,1298157.271
2024/7/29,1588699.261
2024/8/5,1182763.467
2024/8/12,1273597.917
2024/8/19,1254291.115
2024/8/26,1437157.77
2024/9/2,1498922.968
2024/9/9,1257535.648
2024/9/16,1608295.515
2024/9/23,1569147.611
2024/9/30,1330753.911
2024/10/7,1082475.052
2024/10/14,1258183.466
2024/10/21,1570961.865
2024/10/28,1293250.43
2024/11/4,956266.3921
2024/11/11,1426306.34
2024/11/18,1164983.983
2024/11/25,1695598.78
2024/12/2,1417143.256
2024/12/9,1391808.592
2024/12/16,1309411.82
2024/12/23,1404390.305
2024/12/30,1674817.455
2025/1/6,1500105.029
2025/1/13,1450468.28
2025/1/20,1293466.381
2025/1/27,1287023.723
2025/2/3,958427.4529
2025/2/10,1695682.855
2025/2/17,1122742.575
2025/2/24,1312122.151
2025/3/3,1195087.381
2025/3/10,1146641.839
2025/3/17,1087069.207
2025/3/24,980929.2633
2025/3/31,962231.5583
2025/4/7,1606631.747
2025/4/14,1184554.751
2025/4/21,1148246.077
2025/4/28,1418110.42
2025/5/5,1152963.93
2025/5/12,711421.2263
2025/5/19,1354463.919
2025/5/26,1053150.318
2025/6/2,801839.4733
2025/6/9,1066349.342
2025/6/16,1039091.466
2025/6/23,1373531.362
2025/6/30,1296657.474
2025/7/7,1733089.033
2025/7/14,511153.2017
2025/7/21,0
